platform,title,clean_item_label,clip_id,sales_count,gross_amount,net_amount,avg_gross_per_sale,avg_net_per_sale,filename,format,clip_length,size,resolution,date_added,source_file,imported_at,row_hash
Clips4Sale,Best Friend's Step-Mommy Shows You How to Please SSBBW,Best Friend's Step-Mommy Shows You How to Please SSBBW,33788719,149,4169.52,2501.71,27.98,16.79,lady_sublime_ssbbw_friends_mom_teases_rides_on_top_fat_chat_watermark_4k_clips4sale_260522002409.mov,mov,00:22:44,5667,3840x2160,2026-05-22 19:16:23,2026-07-01_11-23-38_title_summary_2026-01-01_to_2026-07-01_Sales_Summary_by_Title_1-01-2026_to_1-01-2026.csv,2026-07-01T11:25:28,92eb35a21a034dee10d12efe26ed3fd522d76701d0b80279dd3c9dcecaf29a4f
Clips4Sale,Gassy SSBBW Giantess Vores You,Gassy SSBBW Giantess Vores You,32818231,77,1923.72,1154.23,24.98,14.99,lady_sublime_ssbbw_giantess_vore_burping_farting_fat_POV_watermark_4k_clips4sale_260129180050.mov,mov,00:12:00,5652,3840x2160,2026-01-30 00:26:07,2026-07-01_11-23-38_title_summary_2026-01-01_to_2026-07-01_Sales_Summary_by_Title_1-01-2026_to_1-01-2026.csv,2026-07-01T11:25:28,31f47f8578374e99574cdb6892c58a1e735b56cdb29ba123d7ec7894565189a4
Clips4Sale,Your Gluttonous Girlfriend Can't Hold Back Farts,Your Gluttonous Girlfriend Can't Hold Back Farts,33118559,93,1858.45,1115.07,19.98,11.99,lady_sublime_ssbbw_burps_and_farts_food_stuffing_overeating_gassy_watermark_4k_clips4sale_2603082150,mov,00:12:46,5743,3840x2160,2026-03-11 10:00:07,2026-07-01_11-23-38_title_summary_2026-01-01_to_2026-07-01_Sales_Summary_by_Title_1-01-2026_to_1-01-2026.csv,2026-07-01T11:25:28,f752ab05c0db8eb6b4835d0817585eb615d3ab41c227698fb70887128e4b7980
Clips4Sale,Gaining SSBBW Gets Horny While Stuffing Pizza,Gaining SSBBW Gets Horny While Stuffing Pizza,33543205,47,1738.22,1042.93,36.98,22.19,lady_sublime_ssbbw_pizza_food_stuffing_overeating_horny_fat_girl_masturbation_vibrator_orgasm_cu_260,mov,00:32:30,5768,3840x2160,2026-04-21 10:00:06,2026-07-01_11-23-38_title_summary_2026-01-01_to_2026-07-01_Sales_Summary_by_Title_1-01-2026_to_1-01-2026.csv,2026-07-01T11:25:28,0fcaa596c63365574c8e0aacbabf50af713342e570e8e3ecf21ecad98e56f0d1
Clips4Sale,Growing SSBBW Ex Rides You POV,Growing SSBBW Ex Rides You POV,32593851,72,1582.8,949.68,21.98,13.19,lady_sublime_christmas_fat_chat_pov_fucking_riding_fat_belly_watermark_4k_clips4sale_251227175807.mo,mov,00:23:36,5712,3840x2160,2025-12-27 23:08:20,2026-07-01_11-23-38_title_summary_2026-01-01_to_2026-07-01_Sales_Summary_by_Title_1-01-2026_to_1-01-2026.csv,2026-07-01T11:25:28,81c0b1f3b163d3eab4a0b5593856c45eb759c16767cd0a793f621a600a33870e
Clips4Sale,Greedy SSBBW Rapid Growth Until Pop,Greedy SSBBW Rapid Growth Until Pop,33004811,104,1558.27,934.96,14.98,8.99,lady_sublime_ssbbw_diet_pill_rapid_growth_stuck_car_weight_gain_watermark_4k_clips4sale_260221153704,mov,00:12:00,5661,3840x2160,2026-02-22 22:50:15,2026-07-01_11-23-38_title_summary_2026-01-01_to_2026-07-01_Sales_Summary_by_Title_1-01-2026_to_1-01-2026.csv,2026-07-01T11:25:28,c0ccc8d3798f2c80e4f43d74e0b04f24e100e2c48f09c595c196811ca1fe9a70
Clips4Sale,Greedy SSBBW Devours Roommates Leftovers,Greedy SSBBW Devours Roommates Leftovers,34040665,35,1294.42,776.65,36.98,22.19,lady_sublime_ssbbw_fridge_raid_food_facestuffing_overeating_feeder_feedee_fat_chat_watermark-4k__260,mov,00:33:59,5788,3840x2160,2026-06-27 21:05:01,2026-07-01_11-23-38_title_summary_2026-01-01_to_2026-07-01_Sales_Summary_by_Title_1-01-2026_to_1-01-2026.csv,2026-07-01T11:25:28,7d3c1e0b920282671bc0c75fc588d3be2176880d5cb0d83dd8bb508dc1c849c3
Clips4Sale,Fucking Your Stuffed SSBBW Girlfriend POV,Fucking Your Stuffed SSBBW Girlfriend POV,33923475,60,1266.0,759.6,21.1,12.66,lady_sublime_stuffing_milkshake_overeating_fuck_machine_POV_watermark-4k_clips4sale_260610151122.mov,mov,00:17:11,5755,3840x2160,2026-06-11 10:00:05,2026-07-01_11-23-38_title_summary_2026-01-01_to_2026-07-01_Sales_Summary_by_Title_1-01-2026_to_1-01-2026.csv,2026-07-01T11:25:28,b7502a0ce4e85bcdab3585427df3c3fd295cf84a3ff0e6038533f37deac49f98
Clips4Sale,Your Job Depends on How Well You Feed Me,Your Job Depends on How Well You Feed Me,33083747,56,1119.07,671.44,19.98,11.99,lady_sublime_ssbbw_fat_worship_pov_fucking_roleplay_weight_gain_watermark_4k_clips4sale_260303195723,mov,00:21:37,5697,3840x2160,2026-03-04 23:30:52,2026-07-01_11-23-38_title_summary_2026-01-01_to_2026-07-01_Sales_Summary_by_Title_1-01-2026_to_1-01-2026.csv,2026-07-01T11:25:28,c0aa5875d95ea1c6e7780615fb21e1e6e106bfe497b8044a14b995d439be875a
Clips4Sale,Cursed Cake Makes Greedy SSBBW Explode,Cursed Cake Makes Greedy SSBBW Explode,31534051,37,1035.38,621.23,27.98,16.79,lady sublime cake stuffing overeating rapid growth weight gain button popping clips4sale.mov,mov,00:22:10,5746,3840x2160,2025-07-21 10:00:07,2026-07-01_11-23-38_title_summary_2026-01-01_to_2026-07-01_Sales_Summary_by_Title_1-01-2026_to_1-01-2026.csv,2026-07-01T11:25:28,ae3badae150c62407edca076665a884cb72332bee1b8d9eb5305b2d74226c3e2
Clips4Sale,Gaining SSBBW Smoking and Kitchen Tour,Gaining SSBBW Smoking and Kitchen Tour,33595021,33,923.45,554.07,27.98,16.79,lady_sublime_ssbbw_kitchen_tour_smoking_fat_chat_weight_gain_chat_watermark_4k_clips4sale_2604251717,mov,00:22:16,5712,3840x2160,2026-04-27 18:20:29,2026-07-01_11-23-38_title_summary_2026-01-01_to_2026-07-01_Sales_Summary_by_Title_1-01-2026_to_1-01-2026.csv,2026-07-01T11:25:28,733122696599aba106abcfb2cb4e194d2cb4b0e42c039011a05896c9426bfb3b
Clips4Sale,Greedy SSBBW Stuffs Whole Thanksgiving Dinner,Greedy SSBBW Stuffs Whole Thanksgiving Dinner,32430185,27,863.55,518.13,31.98,19.19,lady_sublime_ssbbw_bitchy_thanksgiving_stuffing_burping_obese_fat_belly_rubbing_watermark_4k_cli_251,mov,00:27:11,5795,3840x2160,2025-12-01 22:30:21,2026-07-01_11-23-38_title_summary_2026-01-01_to_2026-07-01_Sales_Summary_by_Title_1-01-2026_to_1-01-2026.csv,2026-07-01T11:25:28,6e60a2fef1308974dcfdad8fef29c86dbf9f05b4992f7510d42f0a63cacb8005
Clips4Sale,Gaining SSBBW Wants to Reach 600lbs,Gaining SSBBW Wants to Reach 600lbs,33664361,41,819.32,491.59,19.98,11.99,lady_sublime_weight_gain_chat_eating_belly_play_bikini_tease_watermark_4k_clips4sale_260504185433.mo,mov,00:11:53,5768,3840x2160,2026-05-04 18:54:33,2026-07-01_11-23-38_title_summary_2026-01-01_to_2026-07-01_Sales_Summary_by_Title_1-01-2026_to_1-01-2026.csv,2026-07-01T11:25:28,1dba225e96a397b4d5e1639859c2619dfa1e2c7967f6867e1fb25cf4218dbca3
Clips4Sale,Gaining SSBBW Smokes and Shares Workout Routine,Gaining SSBBW Smokes and Shares Workout Routine,33428121,26,727.57,436.54,27.98,16.79,lady_sublime_ssbbw_workout_weight_gain_chat_smoking_stretching_watermark_4k_clips4sale_260404175023.,mov,00:22:03,5729,3840x2160,2026-04-06 10:00:09,2026-07-01_11-23-38_title_summary_2026-01-01_to_2026-07-01_Sales_Summary_by_Title_1-01-2026_to_1-01-2026.csv,2026-07-01T11:25:28,8ec197f729628e288e525983a656659bf5b8464e26775b5dc64682e07c32d4e9
Clips4Sale,SSBBW Burps and Farts While Stuffing,SSBBW Burps and Farts While Stuffing,30943493,18,629.7,377.82,34.98,20.99,lady sublime ssbbw eating facestuffing taco overeating farts burps bloating gas -4k clips4sale.mov,mov,00:29:26,5727,3840x2160,2025-04-17 10:00:09,2026-07-01_11-23-38_title_summary_2026-01-01_to_2026-07-01_Sales_Summary_by_Title_1-01-2026_to_1-01-2026.csv,2026-07-01T11:25:28,4930c16b12d38b2fb3c46eef5279fcf5e67d515ade8d900196d91bebfbb2d799
Clips4Sale,SSBBW Psychologist III: Making You My Feeder POV,SSBBW Psychologist III: Making You My Feeder POV,32335365,16,479.73,287.84,29.98,17.99,lady_sublime_ssbbw_stuffing_feeder_feedee_overeating_roleplay_watermark_4k_clips4sale_251118184607.m,mov,00:36:26,5428,4224x3024,2025-11-20 10:00:09,2026-07-01_11-23-38_title_summary_2026-01-01_to_2026-07-01_Sales_Summary_by_Title_1-01-2026_to_1-01-2026.csv,2026-07-01T11:25:28,2faf80912ce5643f6317c7767c6cc7661635c1626a9b6df3cc44be624bc9372f
Clips4Sale,Horny SSBBW Neighbor Wants Your Baby POV,Horny SSBBW Neighbor Wants Your Baby POV,31325075,21,440.65,264.39,20.98,12.59,lady sublime ssbbw impregnation fantasy breeding lingerie neighbor roleplay  clips4sale.mov,mov,00:11:14,5694,3840x2160,2025-06-16 22:04:16,2026-07-01_11-23-38_title_summary_2026-01-01_to_2026-07-01_Sales_Summary_by_Title_1-01-2026_to_1-01-2026.csv,2026-07-01T11:25:28,6bbfa35722e944a0cbfde477f2c1f6f1848c5cf092cb0da7388f9f130956b207
Clips4Sale,Gaining SSBBW Dorothy Fucks Wizard POV,Gaining SSBBW Dorothy Fucks Wizard POV,32299209,16,383.73,230.24,23.98,14.39,lady_sublime_ssbbw_cosplay_dorothy_gaining_weight_fat_pov_fuck_machine_costume_high_heels_waterm_251,mov,00:20:34,5676,4224x3024,2025-11-14 00:48:25,2026-07-01_11-23-38_title_summary_2026-01-01_to_2026-07-01_Sales_Summary_by_Title_1-01-2026_to_1-01-2026.csv,2026-07-01T11:25:28,9c8df70c7a579ac494f3e5bfb4e0ceef3f077d70e5a2b24239017010db8c9022
Clips4Sale,Gaining SSBBW Wife Fucks You POV,Gaining SSBBW Wife Fucks You POV,30632943,16,351.73,211.04,21.98,13.19,lady sublime ssbbw weight gain too fat pov fucking masturbation cum watermark-4k clips4sale.mov,mov,00:13:41,5760,3840x2160,2025-02-24 02:00:04,2026-07-01_11-23-38_title_summary_2026-01-01_to_2026-07-01_Sales_Summary_by_Title_1-01-2026_to_1-01-2026.csv,2026-07-01T11:25:28,90255aa776b8c397ee3b268a58f03ab74e583aae78ea8b996a32a07a039990ce
Clips4Sale,SSBBW Squashes You Under Ass and Feet,SSBBW Squashes You Under Ass and Feet,31663021,19,341.68,205.01,17.98,10.79,lady sublime ssbbw ass smothering crushing object popping watermark-4k clips4sale.mov,mov,00:10:03,5743,3840x2160,2025-08-10 16:34:39,2026-07-01_11-23-38_title_summary_2026-01-01_to_2026-07-01_Sales_Summary_by_Title_1-01-2026_to_1-01-2026.csv,2026-07-01T11:25:28,77dff0e497495c9e427fdfaac944805efe38791f3629d2c7207e77ebabbf9efb
Clips4Sale,SSBBW Stuffs in the Car Until Stuck,SSBBW Stuffs in the Car Until Stuck,30931393,11,318.82,191.29,28.98,17.39,lady sublime ssbbw eating in car food stuffing too big oversized -4k clips4sale.mov,mov,00:36:09,5771,3840x2160,2025-04-14 23:54:32,2026-07-01_11-23-38_title_summary_2026-01-01_to_2026-07-01_Sales_Summary_by_Title_1-01-2026_to_1-01-2026.csv,2026-07-01T11:25:28,8899aa2eec2e9ffcd1a3efcf62c412d480de076d5bdc791b8c1566b17bff7915
Clips4Sale,Gaining SSBBW Smoking and Clothes Try On,Gaining SSBBW Smoking and Clothes Try On,31897715,10,279.83,167.9,27.98,16.79,lady sublime ssbbw clothes try on outfit weight gain fat chat -4k clips4sale.mov,mov,00:35:37,5813,3840x2160,2025-09-15 18:20:29,2026-07-01_11-23-38_title_summary_2026-01-01_to_2026-07-01_Sales_Summary_by_Title_1-01-2026_to_1-01-2026.csv,2026-07-01T11:25:28,6b3b21aef4d0912e76cf830f41ff43dfb7a832f77de285f59439e1c1941c931c
Clips4Sale,Horny SSBBW Secretly Cums During Meeting,Horny SSBBW Secretly Cums During Meeting,30985471,12,263.8,158.28,21.98,13.19,lady sublime ssbbw masturbation vibrator fat pussy cum moaning watermark 4K C4S.mov,mov,00:13:48,5709,3840x2160,2025-04-23 20:38:19,2026-07-01_11-23-38_title_summary_2026-01-01_to_2026-07-01_Sales_Summary_by_Title_1-01-2026_to_1-01-2026.csv,2026-07-01T11:25:28,0c1b91fde1486c8054759aa4f76b7b4ec56bedbd4607bc62dbeac84f243c7c12
Clips4Sale,SSBBW Ex Wants to Get Pregnant,SSBBW Ex Wants to Get Pregnant,29971791,18,251.7,151.02,13.98,8.39,lady sublime ssbbw no strings impregnation breeding fat pussy cum begging fertilization .mov,mov,00:09:47,5575,3840x2160,2024-10-27 23:12:04,2026-07-01_11-23-38_title_summary_2026-01-01_to_2026-07-01_Sales_Summary_by_Title_1-01-2026_to_1-01-2026.csv,2026-07-01T11:25:28,e1f77843d4d35ef8f498d3423b2bf3a3fc82bed6b8e463ced44143747ca8e146
Clips4Sale,Gassy SSBBW Ignores You and Stuffs,Gassy SSBBW Ignores You and Stuffs,32167641,15,239.75,143.85,15.98,9.59,lady sublime ssbbw messy eating burps and farts food stuffing weight gain feedee -clips4sale.mov,mov,00:16:08,5800,4224x3024,2025-10-24 23:03:51,2026-07-01_11-23-38_title_summary_2026-01-01_to_2026-07-01_Sales_Summary_by_Title_1-01-2026_to_1-01-2026.csv,2026-07-01T11:25:28,fb9692c55f23a957ddea3c44008423c8c64330d92d946a0c5ebfef3a50c04874
Clips4Sale,Smelly SSBBW Makes You Worship Ass,Smelly SSBBW Makes You Worship Ass,28962713,11,230.82,138.49,20.98,12.59,lady sublime ssbbw fat ass armpit worship smelly stinky cum countdown watermark-4k clips4sale.mov,mov,00:19:22,5563,3840x2160,2024-04-24 21:00:07,2026-07-01_11-23-38_title_summary_2026-01-01_to_2026-07-01_Sales_Summary_by_Title_1-01-2026_to_1-01-2026.csv,2026-07-01T11:25:28,806fd7d27ba4ed56b343b1e4935b14990dc03ae534ce582f10fedc89b5a9aac0
Clips4Sale,SSBBW Feedee Stuffing and Makeout POV,SSBBW Feedee Stuffing and Makeout POV,29360577,9,224.85,134.91,24.98,14.99,lady sublime ssbbw food eating face stuffing close up pov watermark-4k clips4sale.mov,mov,00:19:10,5261,3840x2160,2024-07-03 10:00:07,2026-07-01_11-23-38_title_summary_2026-01-01_to_2026-07-01_Sales_Summary_by_Title_1-01-2026_to_1-01-2026.csv,2026-07-01T11:25:28,0e3ae874243f674e4417eb9f1e55c408699254ae0bb6549fb0095c89660020cf
Clips4Sale,Growing SSBBW Belly and Ass Worship,Growing SSBBW Belly and Ass Worship,30176343,9,224.85,134.91,24.98,14.99,lady sublime ssbbw fat stinky ass worship sweaty asshole licking cum countdown -4k clips4sale.mov,mov,00:23:12,5778,3840x2160,2024-12-05 10:00:06,2026-07-01_11-23-38_title_summary_2026-01-01_to_2026-07-01_Sales_Summary_by_Title_1-01-2026_to_1-01-2026.csv,2026-07-01T11:25:28,0a414b00eef9ab2408e9cbad022da35015cfb1091c5edbb3ceb3a7a48c10a6a5
Clips4Sale,SSBBW Rapid Growth Riding You POV,SSBBW Rapid Growth Riding You POV,28864735,9,206.85,124.11,22.98,13.79,lady sublime ssbbw growth fetish gaining weight tease  riding pov watermark-4k clips4sale.mov,mov,00:21:40,5495,3840x2160,2024-03-31 10:00:08,2026-07-01_11-23-38_title_summary_2026-01-01_to_2026-07-01_Sales_Summary_by_Title_1-01-2026_to_1-01-2026.csv,2026-07-01T11:25:28,b1c73896a898024610528a1ad5591c8111eab5f5a48ecb04c40930b4f936f5f5
Clips4Sale,SSBBW Girlfriend Encourages Mutual Gain POV,SSBBW Girlfriend Encourages Mutual Gain POV,30186929,8,199.87,119.92,24.98,14.99,lady sublime ssbbw mutual gain encouragement smoking gaining weight feederism 4k clips4sale.mov,mov,00:20:13,5740,3840x2160,2024-12-09 10:00:07,2026-07-01_11-23-38_title_summary_2026-01-01_to_2026-07-01_Sales_Summary_by_Title_1-01-2026_to_1-01-2026.csv,2026-07-01T11:25:28,df777c50f3fa6368599c39158278b3ea4b06609c035313c5cd188d4cbaa78266
Clips4Sale,Chair Breaking Under Huge SSBBW,Chair Breaking Under Huge SSBBW,27682807,8,199.87,119.92,24.98,14.99,lady sublime bbw furniture crush plastic chair breaking obese fat heavy watermark-4k HDR.mov,mov,00:24:05,4615,1920x1080,2023-09-01 22:07:03,2026-07-01_11-23-38_title_summary_2026-01-01_to_2026-07-01_Sales_Summary_by_Title_1-01-2026_to_1-01-2026.csv,2026-07-01T11:25:28,2ed537ce4b795675011a96a108cd015400f14bf4ffc9996b38f3ff85fb2af976
Clips4Sale,SSBBW Girlfriend Grows into 14-foot Giantess,SSBBW Girlfriend Grows into 14-foot Giantess,29961257,9,197.85,118.71,21.98,13.19,lady sublime ssbbw giantess fetish growing taller bikini weight gain watermark-4k clips4sale.mov,mov,00:16:52,5620,3840x2160,2024-10-25 20:15:34,2026-07-01_11-23-38_title_summary_2026-01-01_to_2026-07-01_Sales_Summary_by_Title_1-01-2026_to_1-01-2026.csv,2026-07-01T11:25:28,939b6dc5c584768d99b7127c230259dc32aea3cb97d716c23ce644832e93afb9
Clips4Sale,Fat Friend Wants to be Friends with Benefits,Fat Friend Wants to be Friends with Benefits,28285473,11,186.82,112.09,16.98,10.19,lady sublime pov solos friends with benefits tease seduction fat watermark-4k clips4sale.mov,mov,00:15:20,5461,3840x2160,2023-11-21 10:00:06,2026-07-01_11-23-38_title_summary_2026-01-01_to_2026-07-01_Sales_Summary_by_Title_1-01-2026_to_1-01-2026.csv,2026-07-01T11:25:28,b75a15f063dcbc9e5e533374b8883ace771d5452c6595315c75ed9a8f309b622
Clips4Sale,SSBBW Rips Leggings and Fucks Pussy,SSBBW Rips Leggings and Fucks Pussy,30670805,9,179.85,107.91,19.98,11.99,lady sublime ssbbw  twek ass butthole fat pussy masturbation dildo fuck clips4sale.mov,mov,00:11:11,5672,3840x2160,2025-03-06 10:00:09,2026-07-01_11-23-38_title_summary_2026-01-01_to_2026-07-01_Sales_Summary_by_Title_1-01-2026_to_1-01-2026.csv,2026-07-01T11:25:28,c8c032038b371d156f4e3fdb94c58d8b4065989cb7a127d35bb759c2ada3439a
Clips4Sale,Gaining SSBBW Stuffs Face Post-Workout,Gaining SSBBW Stuffs Face Post-Workout,30722815,9,179.85,107.91,19.98,11.99,lady sublime ssbbw leggings tight too fat weight gain food stuffing overeating -4k clips4sale.mov,mov,00:11:51,5672,3840x2160,2025-03-11 01:41:50,2026-07-01_11-23-38_title_summary_2026-01-01_to_2026-07-01_Sales_Summary_by_Title_1-01-2026_to_1-01-2026.csv,2026-07-01T11:25:28,957d5a043d9eb1574a79a2d5a006b54c6d3e5843628876c678e5a2dc0a846f57
Clips4Sale,Shy SSBBW Concierge Fucks You POV,Shy SSBBW Concierge Fucks You POV,29411945,10,179.83,107.9,17.98,10.79,lady sublime ssbbw pov fucking roleplay fat pussy big ass watermark-4k clips4sale.mov,mov,00:17:14,5560,3840x2160,2024-07-10 10:10:03,2026-07-01_11-23-38_title_summary_2026-01-01_to_2026-07-01_Sales_Summary_by_Title_1-01-2026_to_1-01-2026.csv,2026-07-01T11:25:28,613d4673c531ea66ebd6a5ee46f7e1c7e063b41d85392261be72a6baebfc7428
Clips4Sale,SSBBW Pussy Licking and Toe Sucking,SSBBW Pussy Licking and Toe Sucking,31696939,8,175.87,105.52,21.98,13.19,lady sublime ssbbw pantyhose toe sucking pov hairy pussy fat watermark-4k clips4sale.mov,mov,00:16:16,5664,3840x2160,2025-08-16 10:00:09,2026-07-01_11-23-38_title_summary_2026-01-01_to_2026-07-01_Sales_Summary_by_Title_1-01-2026_to_1-01-2026.csv,2026-07-01T11:25:28,b436a6caf31a34417061eac865937921661abddd96f354736fd5f1dd1f02ced6
Clips4Sale,SSBBW Does Steamy Striptease for You,SSBBW Does Steamy Striptease for You,30746667,8,175.87,105.52,21.98,13.19,lady sublime ssbbw white bikini shower strip tease twerk jiggle watermark-4k clips4sale.mov,mov,00:15:49,5752,3840x2160,2025-03-17 10:48:30,2026-07-01_11-23-38_title_summary_2026-01-01_to_2026-07-01_Sales_Summary_by_Title_1-01-2026_to_1-01-2026.csv,2026-07-01T11:25:28,13472b11111b8bfd7c2b9de1ce4446f054819460d7f102627b31c5b1aee60a56
Clips4Sale,Your SSBBW Wife Denies Getting Fatter,Your SSBBW Wife Denies Getting Fatter,29059243,7,174.88,104.93,24.98,14.99,lady sublime ssbbw weight gain denial tight dress POV watermark-4k clips4sale.mov,mov,00:24:09,5604,3840x2160,2024-05-08 08:00:05,2026-07-01_11-23-38_title_summary_2026-01-01_to_2026-07-01_Sales_Summary_by_Title_1-01-2026_to_1-01-2026.csv,2026-07-01T11:25:28,8301c2a86bf299b8487f9f3fce728c532ea382448985aa6f6504840b938a408f
Clips4Sale,SSBBW Psychologist Makes You Worship Belly,SSBBW Psychologist Makes You Worship Belly,29128127,7,174.88,104.93,24.98,14.99,lady sublime ssbbw fat therapy belly rubbing eating fat worship c4s.mov,mov,00:28:36,5546,3840x2160,2024-05-19 08:00:06,2026-07-01_11-23-38_title_summary_2026-01-01_to_2026-07-01_Sales_Summary_by_Title_1-01-2026_to_1-01-2026.csv,2026-07-01T11:25:28,3c05307135ef0132315b4515b296e2983b71eaefac13f106074d6aeaa8778fbd
Clips4Sale,Growing SSBBW Smokes Cigarette in Tight Shirt,Growing SSBBW Smokes Cigarette in Tight Shirt,31572629,9,170.85,102.51,18.98,11.39,lady sublime ssbbw smoking tight clothes try on stretching watermark-4k clips4sale.mov,mov,00:16:24,5690,3840x2160,2025-07-28 10:00:06,2026-07-01_11-23-38_title_summary_2026-01-01_to_2026-07-01_Sales_Summary_by_Title_1-01-2026_to_1-01-2026.csv,2026-07-01T11:25:28,8bd37cc669fafad4351faabbd299cd8463c63a659ebfc72de202e03a8824eb29
Clips4Sale,Horny SSBBW Squirts on First Date,Horny SSBBW Squirts on First Date,28923215,6,161.9,97.14,26.98,16.19,lady sublime ssbbw seduction blow job tit fuck squirting orgasm fat pussy final clips4sale.mov,mov,00:26:01,5717,3840x2160,2024-04-11 22:13:29,2026-07-01_11-23-38_title_summary_2026-01-01_to_2026-07-01_Sales_Summary_by_Title_1-01-2026_to_1-01-2026.csv,2026-07-01T11:25:28,09a816a71427c3ad23b1c9cee9c6c3c722e8c248aa8b63821f06983c26acc8a5
Clips4Sale,SSBBW Jiggles Fat for Your Cum Part 2,SSBBW Jiggles Fat for Your Cum Part 2,30215799,9,161.85,97.11,17.98,10.79,lady sublime ssbbw jiggle tease catwalk heels fat worship big belly watermark-4k clips4sale.mov,mov,00:18:01,5849,3840x2160,2024-12-17 05:17:48,2026-07-01_11-23-38_title_summary_2026-01-01_to_2026-07-01_Sales_Summary_by_Title_1-01-2026_to_1-01-2026.csv,2026-07-01T11:25:28,9f1191097c2e35c0fdb6882f119c0acfefe22831fa0438a794bd37d10fcfb586
Clips4Sale,Fat Dom GF Makes you Clean Sweaty Ass and Pussy,Fat Dom GF Makes you Clean Sweaty Ass and Pussy,27485631,10,159.83,95.9,15.98,9.59,lady sublime bbw sweaty dom girlfriend ass eating squirt pov wm.mp4,mp4,00:11:45,638,1920x1080,2023-05-03 20:00:11,2026-07-01_11-23-38_title_summary_2026-01-01_to_2026-07-01_Sales_Summary_by_Title_1-01-2026_to_1-01-2026.csv,2026-07-01T11:25:28,62e3dfbdc7a2368f08ebe476e9431ab3d5387b33b51358d3569021a9c5ee01aa
Clips4Sale,SSBBW Car Struggles and Topless Driving,SSBBW Car Struggles and Topless Driving,27990241,7,146.88,88.13,20.98,12.59,car driving.mov,mov,00:24:36,4513,3840x2160,2023-09-07 23:05:08,2026-07-01_11-23-38_title_summary_2026-01-01_to_2026-07-01_Sales_Summary_by_Title_1-01-2026_to_1-01-2026.csv,2026-07-01T11:25:28,506ed0b48e986afa2810e87891726025853a014c1ac785187b881d32e6e5d1e1
Clips4Sale,SSBBW Fruit Crush with 72-Inch Ass,SSBBW Fruit Crush with 72-Inch Ass,30088371,6,131.9,79.14,21.98,13.19,Lady Sublime Ssbbw Fruit Crush Big Ass Heavy Flatten watermark-4k clips4sale.mov,mov,00:11:59,5730,3840x2160,2024-11-24 10:00:08,2026-07-01_11-23-38_title_summary_2026-01-01_to_2026-07-01_Sales_Summary_by_Title_1-01-2026_to_1-01-2026.csv,2026-07-01T11:25:28,dba3aa02c593b5c04e157c19a26071d554d52bebc1601d859c241274d30da2ca
Clips4Sale,Greedy SSBBW Girlfriend Vores You POV,Greedy SSBBW Girlfriend Vores You POV,30382621,6,131.9,79.14,21.98,13.19,lady sublime ssbbw food stuffing overeating vore boyfriend weight gain -4k clips4sale.mov,mov,00:10:13,5693,3840x2160,2025-01-12 21:39:25,2026-07-01_11-23-38_title_summary_2026-01-01_to_2026-07-01_Sales_Summary_by_Title_1-01-2026_to_1-01-2026.csv,2026-07-01T11:25:28,b0abf5c22fab240b4580071343e83719953c0fc7e58d886f11317c2bc250136c
Clips4Sale,"SSBBW Giantess Teasing, Shrinking, and Vore","SSBBW Giantess Teasing, Shrinking, and Vore",30065969,5,124.92,74.95,24.98,14.99,lady sublime ssbbw shrinking fat giantess vore swallow pov watermark-4k clips4sale.mov,mov,00:16:21,5682,3840x2160,2024-11-19 10:00:07,2026-07-01_11-23-38_title_summary_2026-01-01_to_2026-07-01_Sales_Summary_by_Title_1-01-2026_to_1-01-2026.csv,2026-07-01T11:25:28,d147a1bb6256794a461994300c2016547ab1323f447302c2969ff162e79bcbdb
Clips4Sale,SSBBW Smokes After Thanksgiving Stuffing,SSBBW Smokes After Thanksgiving Stuffing,30154579,4,119.93,71.96,29.98,17.99,Lady sublime ssbbw thanksgiving food stuffing feederism smoking weight gain -4k clips4sale.mov,mov,00:30:28,5735,3840x2160,2024-11-29 22:40:06,2026-07-01_11-23-38_title_summary_2026-01-01_to_2026-07-01_Sales_Summary_by_Title_1-01-2026_to_1-01-2026.csv,2026-07-01T11:25:28,f76b22c8dd3f7b756dfd1fea5da2b040b8e6bb083f48423ac063edc2b074cf33
Clips4Sale,Submissive SSBBW Gaining and Titty Fucking,Submissive SSBBW Gaining and Titty Fucking,30601241,5,119.92,71.95,23.98,14.39,lady sublime ssbbw weight gain food stuffing over eating big tits titty fucking -4k clips4sale.mov,mov,00:15:51,5896,3840x2160,2025-02-19 10:00:06,2026-07-01_11-23-38_title_summary_2026-01-01_to_2026-07-01_Sales_Summary_by_Title_1-01-2026_to_1-01-2026.csv,2026-07-01T11:25:28,4dbd74e87f2ff67831be4d84c8614e4b66f91afa0249634a7f28cbd77b33cc8a
Clips4Sale,Stuffed SSBBW Wife Wants to Fuck,Stuffed SSBBW Wife Wants to Fuck,29475599,6,119.9,71.94,19.98,11.99,lady sublime ssbbw lingerie pov fucking sex tight dress hotwife watermark-4k clips4sale.mov,mov,00:14:56,5689,3840x2160,2024-07-28 10:00:09,2026-07-01_11-23-38_title_summary_2026-01-01_to_2026-07-01_Sales_Summary_by_Title_1-01-2026_to_1-01-2026.csv,2026-07-01T11:25:28,0cdb7a5f48f9793daa652bc462ef1622eecfc8eedf1c581a2371e7e67136f529
Clips4Sale,SSBBW Jiggles Fat for Your Cum,SSBBW Jiggles Fat for Your Cum,30060709,7,118.88,71.33,16.98,10.19,lady sublime ssbbw catwalk fat jiggle tight clothes lingerie walk heels watermark-4k clips4sale.mov,mov,00:15:47,5575,3840x2160,2024-11-14 10:00:06,2026-07-01_11-23-38_title_summary_2026-01-01_to_2026-07-01_Sales_Summary_by_Title_1-01-2026_to_1-01-2026.csv,2026-07-01T11:25:28,c428c4cadfd45d290b5e3caa1c48fb655e9f431114c5dbe253a44ccea4e30e64
Clips4Sale,Smoking SSBBW Gets Ready Voyeur Cam,Smoking SSBBW Gets Ready Voyeur Cam,30664187,5,104.92,62.95,20.98,12.59,lady sublime ssbbw smoking voyeurism makeup fat_ big belly watermark-4k clips4sale.mov,mov,00:18:46,5751,3840x2160,2025-03-03 10:05:03,2026-07-01_11-23-38_title_summary_2026-01-01_to_2026-07-01_Sales_Summary_by_Title_1-01-2026_to_1-01-2026.csv,2026-07-01T11:25:28,69afe63d80c71a6b2c67d006a52ebac866bec759fed3ef774a81808fcc1fd021
Clips4Sale,Growing SSBBW Begs to be Impregnated,Growing SSBBW Begs to be Impregnated,29434323,7,104.88,62.93,14.98,8.99,lady sublime ssbbw breeding fantasy weight gain fat chat watermark-4k clips4sale.mov,mov,00:11:12,5061,3840x2160,2024-07-14 10:00:09,2026-07-01_11-23-38_title_summary_2026-01-01_to_2026-07-01_Sales_Summary_by_Title_1-01-2026_to_1-01-2026.csv,2026-07-01T11:25:28,e237fe4b81ef9ac27f4ae94cb84170ebbe50a5dca8d47fc9f58da93a1fcfd93c
Clips4Sale,Horny SSBBW Jiggles and Bounces POV Solo,Horny SSBBW Jiggles and Bounces POV Solo,28454685,6,101.9,61.14,16.98,10.19,lady sublime ssbbw blue lingerie morning sex pov fucking jiggle fat ass watermark-4k clips4sale.mov,mov,00:15:05,5278,3840x2160,2024-01-12 07:15:05,2026-07-01_11-23-38_title_summary_2026-01-01_to_2026-07-01_Sales_Summary_by_Title_1-01-2026_to_1-01-2026.csv,2026-07-01T11:25:28,02a143dcf7ceb2cfadc71ef2ef23fe8dd2c0d1ca7eb5bebacd96ebff4dcfbe0c
Clips4Sale,SSBBW Psychologist II: Facestuffing and Gaining,SSBBW Psychologist II: Facestuffing and Gaining,31019213,4,99.93,59.96,24.98,14.99,lady sublime ssbbw psychologist food eating facestuffing pizza  belly worship clips4sale.mov,mov,00:24:31,5761,3840x2160,2025-04-29 01:08:57,2026-07-01_11-23-38_title_summary_2026-01-01_to_2026-07-01_Sales_Summary_by_Title_1-01-2026_to_1-01-2026.csv,2026-07-01T11:25:28,641e9de529717552005ebbe63377827fa1bcdb73ca1338ac3e5dca211df779d5
Clips4Sale,Horny SSBBW Jiggles for Your Cum,Horny SSBBW Jiggles for Your Cum,29284585,5,89.92,53.95,17.98,10.79,lady sublime ssbbw leather pants catwalk heels fat jiggle bouncing tease watermark-4k clips4sale.mov,mov,00:17:18,5501,3840x2160,2024-06-14 17:58:07,2026-07-01_11-23-38_title_summary_2026-01-01_to_2026-07-01_Sales_Summary_by_Title_1-01-2026_to_1-01-2026.csv,2026-07-01T11:25:28,40accf898fb4004c36eec2a3fce4b196a6f35967ce73b00ea6b9b93bed548a67
Clips4Sale,SSBBW Giantess Rubs Pussy on You,SSBBW Giantess Rubs Pussy on You,29317905,6,89.9,53.94,14.98,8.99,lady sublime ssbbw giantess masturbation growth fat pussy close up watermark-4k clips4sale.mov,mov,00:11:37,5472,3840x2160,2024-06-21 21:30:29,2026-07-01_11-23-38_title_summary_2026-01-01_to_2026-07-01_Sales_Summary_by_Title_1-01-2026_to_1-01-2026.csv,2026-07-01T11:25:28,2871d2d8123108bdb1320befb0d5676f2af75984e185d1506f1483539b5138d0
Clips4Sale,SSBBW Slut Seduces You Into Impregnation POV,SSBBW Slut Seduces You Into Impregnation POV,28798697,5,84.92,50.95,16.98,10.19,lady sublime ssbbw workout bodystocking creampie begging impregnation masturbation  clips4sale.mov,mov,00:15:02,5493,3840x2160,2024-03-17 10:00:11,2026-07-01_11-23-38_title_summary_2026-01-01_to_2026-07-01_Sales_Summary_by_Title_1-01-2026_to_1-01-2026.csv,2026-07-01T11:25:28,365b7c57082396265f8cbda57b0274ac8b316945dcd6dfe0528c9f2a2c7f6269
Clips4Sale,Old Fling Grows Into Massive SSBBW,Old Fling Grows Into Massive SSBBW,29100737,4,83.93,50.36,20.98,12.59,lady sublime ssbbw weight gain embarrassment video call fat tease watermark-4k clips4sale.mov,mov,00:19:02,5640,3840x2160,2024-05-12 08:00:06,2026-07-01_11-23-38_title_summary_2026-01-01_to_2026-07-01_Sales_Summary_by_Title_1-01-2026_to_1-01-2026.csv,2026-07-01T11:25:28,568aea1383faef3783cd869b724ee2fc062fae450f76acceadcfe83e8b96e1af
Clips4Sale,Dominant Boss Makes You Worship Belly,Dominant Boss Makes You Worship Belly,29465941,5,79.92,47.95,15.98,9.59,lady sublime ssbbw boss domination fat worship belly plopping pov watermark-4k clips4sale.mov,mov,00:11:17,5535,3840x2160,2024-07-21 11:25:04,2026-07-01_11-23-38_title_summary_2026-01-01_to_2026-07-01_Sales_Summary_by_Title_1-01-2026_to_1-01-2026.csv,2026-07-01T11:25:28,7f69160bfbc0f40ec094a80d4d40732bc676d67918a953a0f1e8dfd63e556af6
Clips4Sale,Horny SSBBW Succubus Grows for Your Cum POV,Horny SSBBW Succubus Grows for Your Cum POV,28771123,4,75.93,45.56,18.98,11.39,lady sublime ssbbw succubus rapid growth weight gain joi obese watermark-4k clips4sale.mov,mov,00:18:18,5594,3840x2160,2024-03-10 10:15:03,2026-07-01_11-23-38_title_summary_2026-01-01_to_2026-07-01_Sales_Summary_by_Title_1-01-2026_to_1-01-2026.csv,2026-07-01T11:25:28,0b8c5e78a76a13ca531d822b4226b19d34a0a1cf341bb964f03ebdeccb02ed14
Clips4Sale,SSBBW Stuffing & Crushing You POV,SSBBW Stuffing & Crushing You POV,28871581,3,74.95,44.97,24.98,14.99,lady sublime ssbbw fat chat food stuffing over eating weight gain taco milkshake-4k clips4sale.mov,mov,00:47:45,5522,3840x2160,2024-04-08 22:49:44,2026-07-01_11-23-38_title_summary_2026-01-01_to_2026-07-01_Sales_Summary_by_Title_1-01-2026_to_1-01-2026.csv,2026-07-01T11:25:28,36415d8ca314eb93500d4dd0a0ac6af8007ace8b34f1cca2d0f7b6d0b4c146f2
Clips4Sale,Growing SSBBW Cums While Stuffing Pizza,Growing SSBBW Cums While Stuffing Pizza,29037291,3,74.95,44.97,24.98,14.99,lady sublime ssbbw food eating face stuffing pizza masturbation burping vibrator-4k clips4sale.mov,mov,00:29:37,5630,3840x2160,2024-05-05 10:00:08,2026-07-01_11-23-38_title_summary_2026-01-01_to_2026-07-01_Sales_Summary_by_Title_1-01-2026_to_1-01-2026.csv,2026-07-01T11:25:28,0698f731a1c278d49fef39e6cad7a9d26617b782461df0f9d8f71f1212d348c6
Clips4Sale,SSBBW Loves Being Bigger Than You,SSBBW Loves Being Bigger Than You,27949821,4,71.93,43.16,17.98,10.79,lady sublime bbw bigger than you size compare tease obese goddess fat ssbbw watermark-4k HDR.mov,mov,00:16:53,4785,3840x2160,2023-09-03 12:05:04,2026-07-01_11-23-38_title_summary_2026-01-01_to_2026-07-01_Sales_Summary_by_Title_1-01-2026_to_1-01-2026.csv,2026-07-01T11:25:28,3056a002c4414fc926727e4c2dd0caf4db9aa177dfafdfd4c24328aae4c8f372
Clips4Sale,Fat Party Girl Gets the Wrong Room POV Solo,Fat Party Girl Gets the Wrong Room POV Solo,25867347,11,71.5,42.9,6.5,3.9,lady sublime bbw fat party girl hotel hookup pov solo WM.mp4,mp4,00:11:45,637,1920x1080,2022-01-27 22:45:44,2026-07-01_11-23-38_title_summary_2026-01-01_to_2026-07-01_Sales_Summary_by_Title_1-01-2026_to_1-01-2026.csv,2026-07-01T11:25:28,ea6435442937eb42a6ac5eae43cebb2ba053451c9bf898d96bb2d0ac11c06c3d
Clips4Sale,Chargeback Forgiveness 106266925,Chargeback Forgiveness 106266925,32593851,3,69.95,41.97,23.32,13.99,lady_sublime_christmas_fat_chat_pov_fucking_riding_fat_belly_watermark_4k_clips4sale_251227175807.mo,mov,00:23:36,5712,3840x2160,2025-12-27 23:08:20,2026-07-01_11-23-38_title_summary_2026-01-01_to_2026-07-01_Sales_Summary_by_Title_1-01-2026_to_1-01-2026.csv,2026-07-01T11:25:28,104d0030b68ca3c6c78a3409ec265966ff5b3ad38bd71f652569b2ffae124d8b
Clips4Sale,SSBBW Hottie Makes Her Fat Pussy Cum,SSBBW Hottie Makes Her Fat Pussy Cum,28102771,5,69.92,41.95,13.98,8.39,bbw cum.mov,mov,00:12:18,4472,3840x2160,2023-10-07 10:30:03,2026-07-01_11-23-38_title_summary_2026-01-01_to_2026-07-01_Sales_Summary_by_Title_1-01-2026_to_1-01-2026.csv,2026-07-01T11:25:28,fc630548d36212c15b58c311e9e62677c1dcf1aa9c9eb050b58ccee650d46d07
Clips4Sale,SSBBW Gets Stuck in the Doorway,SSBBW Gets Stuck in the Doorway,28407177,4,67.93,40.76,16.98,10.19,lady sublime bbw obese gaining stuck too big growing big belly fat ass wide -4k clips4sale.mov,mov,00:14:38,5675,3840x2160,2023-12-18 01:10:03,2026-07-01_11-23-38_title_summary_2026-01-01_to_2026-07-01_Sales_Summary_by_Title_1-01-2026_to_1-01-2026.csv,2026-07-01T11:25:28,2cf1990b633200b9ffd3bef7eb294f1415815358e2b379ed2eb4b7138d04f25e
Clips4Sale,SSBBW Turns Feeder Boyfriend Into Cuckold,SSBBW Turns Feeder Boyfriend Into Cuckold,28959823,4,63.93,38.36,15.98,9.59,lady sublime ssbbw cuckold feeder feedee weight gain gfe watermark-4k clips4sale.mov,mov,00:12:14,5528,3840x2160,2024-04-21 19:08:44,2026-07-01_11-23-38_title_summary_2026-01-01_to_2026-07-01_Sales_Summary_by_Title_1-01-2026_to_1-01-2026.csv,2026-07-01T11:25:28,21a6fbc42591118914eb5b9e3e88e5093f2456d73b050d026ee7fc26b448bddc
Clips4Sale,Unaware Horny SSBBW Plays With Herself,Unaware Horny SSBBW Plays With Herself,29475607,4,59.93,35.96,14.98,8.99,lady sublime ssbbw voyeur watching masturbation cum fat pussy watermark-4k clips4sale.mov,mov,00:11:26,5599,3840x2160,2024-07-24 10:00:08,2026-07-01_11-23-38_title_summary_2026-01-01_to_2026-07-01_Sales_Summary_by_Title_1-01-2026_to_1-01-2026.csv,2026-07-01T11:25:28,22a04ea89ac2e602ad630a38be54c97ba870b02850f436753406cf857a39c8a9
Clips4Sale,Fat Girl Walks in Sexy Black Bodystocking,Fat Girl Walks in Sexy Black Bodystocking,27963883,3,56.95,34.17,18.98,11.39,lady subime bbw catwalk walking bodystocking black lingerie heels jiggle fat watermark-4k HDR.mov,mov,00:17:45,4570,3840x2160,2023-09-01 22:13:33,2026-07-01_11-23-38_title_summary_2026-01-01_to_2026-07-01_Sales_Summary_by_Title_1-01-2026_to_1-01-2026.csv,2026-07-01T11:25:28,b25713ed8c2cc4fc4481a56bad31689064e86d2f8361a961c13dfc6ef322b68e
Clips4Sale,Gaining SSBBW Mistress Teases You POV,Gaining SSBBW Mistress Teases You POV,29395095,4,51.93,31.16,12.98,7.79,lady sublime ssbbw fat tease jiggle seduction mistress watermark-4k clips4sale.mov,mov,00:09:40,5742,3840x2160,2024-07-07 10:00:09,2026-07-01_11-23-38_title_summary_2026-01-01_to_2026-07-01_Sales_Summary_by_Title_1-01-2026_to_1-01-2026.csv,2026-07-01T11:25:28,e6e89d59cd4d10836b095701a5587a07501666cffa0e6ec9a68785f18f91cae1
Clips4Sale,SSBBW Loves Being Bigger Than You Part 2,SSBBW Loves Being Bigger Than You Part 2,28378185,3,50.95,30.57,16.98,10.19,lady sublime ssbbw bigger than you bounce jiggle tease fat watermark-4k clips4sale.mov,mov,00:13:47,5485,3840x2160,2023-12-14 10:15:04,2026-07-01_11-23-38_title_summary_2026-01-01_to_2026-07-01_Sales_Summary_by_Title_1-01-2026_to_1-01-2026.csv,2026-07-01T11:25:28,575f45dd9e21c18da0182840062decab77406dc0c15918823ecfec59047d51c1
Clips4Sale,Gaining Horny SSBBW Date Wants You POV,Gaining Horny SSBBW Date Wants You POV,28864821,3,50.95,30.57,16.98,10.19,lady sublime ssbbw weight gain masturbation fat pussy play -4k clips4sale.mov,mov,00:15:54,5664,3840x2160,2024-04-03 10:00:07,2026-07-01_11-23-38_title_summary_2026-01-01_to_2026-07-01_Sales_Summary_by_Title_1-01-2026_to_1-01-2026.csv,2026-07-01T11:25:28,3dad61fbd014186ccfa6daf8b7e13ccfae921cd5e48df934a0d319578feebf42
Clips4Sale,Cover You In Squirt POV,Cover You In Squirt POV,24023235,5,49.92,29.95,9.98,5.99,lady sublime bbw squirting masturbation pov WM.mp4,mp4,00:08:51,480,1920x1080,2020-11-11 15:15:02,2026-07-01_11-23-38_title_summary_2026-01-01_to_2026-07-01_Sales_Summary_by_Title_1-01-2026_to_1-01-2026.csv,2026-07-01T11:25:28,02abef8fae53be4603a8a622345e1ff276ba9c80b5b58d38da5750c94fabec83
Clips4Sale,SSBBW Stuffs Burgers POV (VISION PRO),SSBBW Stuffs Burgers POV (VISION PRO),28927213,2,47.97,28.78,23.98,14.39,lady sublime ssbbw burger stuffing spatial video.MOV,MOV,00:23:29,2619,1920x1080,2024-04-12 19:34:21,2026-07-01_11-23-38_title_summary_2026-01-01_to_2026-07-01_Sales_Summary_by_Title_1-01-2026_to_1-01-2026.csv,2026-07-01T11:25:28,f265b6c67fa594d7921bfeea5d9d19048af7d16b2a6e121bac494a483ed98e43
Clips4Sale,Tight Clothes Make Growing SSBBW Horny,Tight Clothes Make Growing SSBBW Horny,27818857,3,47.95,28.77,15.98,9.59,tight clothes.mov,mov,00:12:55,4556,3840x2160,2023-09-07 23:54:45,2026-07-01_11-23-38_title_summary_2026-01-01_to_2026-07-01_Sales_Summary_by_Title_1-01-2026_to_1-01-2026.csv,2026-07-01T11:25:28,ff021c20e541eb82624c2262739be2296285455df76c3ac048705c0be36a46c6
Clips4Sale,SSBBW Jiggles Thighs and Asss,SSBBW Jiggles Thighs and Asss,28692105,3,47.95,28.77,15.98,9.59,lady sublime  thigh jiggling bouncing fat jumping obese big ass spreading ssbbw watermark-4k.mov,mov,00:12:55,5640,3840x2160,2024-02-25 10:30:02,2026-07-01_11-23-38_title_summary_2026-01-01_to_2026-07-01_Sales_Summary_by_Title_1-01-2026_to_1-01-2026.csv,2026-07-01T11:25:28,39d7a2782e31627485e092caf47d46685eb52d5641e7e9d2941794c5fba85eab
Clips4Sale,Your Cum Makes Me Gain,Your Cum Makes Me Gain,24564879,4,47.93,28.76,11.98,7.19,lady sublime bbw fat fetish cum makes me gain cum begging belly play WM.mp4,mp4,00:11:00,598,1920x1080,2021-02-19 00:21:41,2026-07-01_11-23-38_title_summary_2026-01-01_to_2026-07-01_Sales_Summary_by_Title_1-01-2026_to_1-01-2026.csv,2026-07-01T11:25:28,2387a69d0b96cf77a508847531d0acf8263446aaa994519d52ab39494f095c12
Clips4Sale,Gaining SSBBW Makes Her Buttons Pop,Gaining SSBBW Makes Her Buttons Pop,29332669,3,44.95,26.97,14.98,8.99,lady sublime ssbbw button popping weight gain fat belly jiggle watermark-4k clips4sale.mov,mov,00:10:38,5570,3840x2160,2024-06-25 10:00:08,2026-07-01_11-23-38_title_summary_2026-01-01_to_2026-07-01_Sales_Summary_by_Title_1-01-2026_to_1-01-2026.csv,2026-07-01T11:25:28,ac130addd1ba995c1eaa0fa7c7d4878dd08ac38654d4b25b6ee2b855a9259c9b
Clips4Sale,SSBBW Giantess GFE,SSBBW Giantess GFE,27012947,5,42.5,25.5,8.5,5.1,lady sublime bbw giantess girlfriend ken doll ssbbw makeout wm.mp4,mp4,00:15:39,850,1920x1080,2022-12-29 22:24:42,2026-07-01_11-23-38_title_summary_2026-01-01_to_2026-07-01_Sales_Summary_by_Title_1-01-2026_to_1-01-2026.csv,2026-07-01T11:25:28,580d263248a074abdda75396950f786b87af34b890bdc0983436ab9af0ba0995
Clips4Sale,SSBBW Mrs Claus Lets You Eat Ass and Pussy,SSBBW Mrs Claus Lets You Eat Ass and Pussy,28442905,3,41.95,25.17,13.98,8.39,lady sublime ssbbw christmas ass shaking licking fat hairy pussy eating domme-4k clips4sale.mov,mov,00:10:42,5457,3840x2160,2023-12-27 21:46:24,2026-07-01_11-23-38_title_summary_2026-01-01_to_2026-07-01_Sales_Summary_by_Title_1-01-2026_to_1-01-2026.csv,2026-07-01T11:25:28,4da5813156947473b58af1a86b4065587c11e17222e5f23dce0a69c0ab015f88
Clips4Sale,SSBBW Hanging Belly and Fat Clapping,SSBBW Hanging Belly and Fat Clapping,28766245,3,41.95,25.17,13.98,8.39,lady sublime ssbbw drooping sagging belly jiggle fat clapping obese belly hang fat 4k clips4sale.mov,mov,00:10:59,5495,3840x2160,2024-03-12 10:10:03,2026-07-01_11-23-38_title_summary_2026-01-01_to_2026-07-01_Sales_Summary_by_Title_1-01-2026_to_1-01-2026.csv,2026-07-01T11:25:28,562e010ba9c4523cdb425b6efda3f1f36c4a1afc542b4e0f52b46c461fd00c30
Clips4Sale,Smoking and Sensual Belly Rubbing,Smoking and Sensual Belly Rubbing,24023281,4,39.93,23.96,9.98,5.99,lady sublime bbw smoking sensual body rubbing moaning WM.mp4,mp4,00:09:17,505,1920x1080,2020-11-14 15:25:01,2026-07-01_11-23-38_title_summary_2026-01-01_to_2026-07-01_Sales_Summary_by_Title_1-01-2026_to_1-01-2026.csv,2026-07-01T11:25:28,5277f84a8043935beeebbdeebc1140b1972cd706c764ae2455004c6aa4ee27e7
Clips4Sale,Fat Girl Pillow Grinding and Moaning,Fat Girl Pillow Grinding and Moaning,24019637,4,39.93,23.96,9.98,5.99,lady sublime bbw crop top pillow grinding and moaning WM.mp4,mp4,00:09:01,489,1920x1080,2020-11-06 20:25:02,2026-07-01_11-23-38_title_summary_2026-01-01_to_2026-07-01_Sales_Summary_by_Title_1-01-2026_to_1-01-2026.csv,2026-07-01T11:25:28,e0ea5541ec3593269e7919f8dc9aea7d1ada579c443e46524504ecb032aa09a7
Clips4Sale,Fatty Jumping on the Squeaky Bed,Fatty Jumping on the Squeaky Bed,26184677,6,39.0,23.4,6.5,3.9,lady sublime bbw jumping on squeaky bed fat bouncing twerking big ass pussy wm.mp4,mp4,00:09:45,530,1920x1080,2022-05-06 20:11:07,2026-07-01_11-23-38_title_summary_2026-01-01_to_2026-07-01_Sales_Summary_by_Title_1-01-2026_to_1-01-2026.csv,2026-07-01T11:25:28,adf646b8c9724f6c8e8ba57034a2a216805a67b1a717e79dec54ce91c58d890e
Clips4Sale,400lb SSBBW Sits On Your Chest,400lb SSBBW Sits On Your Chest,24019181,3,35.95,21.57,11.98,7.19,bbw lady sublime chest sitting heavy cum big belly WM2.mp4,mp4,00:10:51,583,1920x1080,2020-10-25 00:00:03,2026-07-01_11-23-38_title_summary_2026-01-01_to_2026-07-01_Sales_Summary_by_Title_1-01-2026_to_1-01-2026.csv,2026-07-01T11:25:28,5fd9e5bcb6c5bfaaba52e26451fb1e6cac822e63e416e14547488f92826c74c4
Clips4Sale,SSBBW Plays with Fat Pussy and Bounces on Your Cock,SSBBW Plays with Fat Pussy and Bounces on Your Cock,27386809,5,35.0,21.0,7.0,4.2,lady sublime bbw hairy pussy play riding bouncing POV wm.mp4,mp4,00:10:41,581,1920x1080,2023-04-05 21:24:38,2026-07-01_11-23-38_title_summary_2026-01-01_to_2026-07-01_Sales_Summary_by_Title_1-01-2026_to_1-01-2026.csv,2026-07-01T11:25:28,9c78abf168a6eae45e3bd728886274c6b5604b27985f39ba44fb216dcfc6a958
Clips4Sale,SSBBW No Hands Cake Stuffing,SSBBW No Hands Cake Stuffing,27040951,5,35.0,21.0,7.0,4.2,lady sublime bbw face stuffing overeating no hands cake wm.mp4,mp4,00:12:29,678,1920x1080,2023-01-06 20:18:34,2026-07-01_11-23-38_title_summary_2026-01-01_to_2026-07-01_Sales_Summary_by_Title_1-01-2026_to_1-01-2026.csv,2026-07-01T11:25:28,64988662528b76344f651a7bd80d6ba5c7e0bbf809a02233034b22cb2317b8de
Clips4Sale,Gaining SSBBW Measurements and Weigh-In,Gaining SSBBW Measurements and Weigh-In,30335991,1,34.98,20.99,34.98,20.99,lady sublime ssbbw full body measurements weigh in gaining weight fat chat obese-4k clips4sale.mov,mov,00:14:37,5860,3840x2160,2025-01-06 16:08:26,2026-07-01_11-23-38_title_summary_2026-01-01_to_2026-07-01_Sales_Summary_by_Title_1-01-2026_to_1-01-2026.csv,2026-07-01T11:25:28,e554aa0bdbc368b490771918c2b63c5ea02080cd472112fa18eea54c2c11a445
Clips4Sale,Red Satin Shorts Fat Booty Worship,Red Satin Shorts Fat Booty Worship,24415359,5,34.92,20.95,6.98,4.19,lady sublime bbw satin panty fat ass worship twerk butthole flexing hairy pussy trailer WM.mp4,mp4,00:06:25,348,1920x1080,2021-01-18 21:23:44,2026-07-01_11-23-38_title_summary_2026-01-01_to_2026-07-01_Sales_Summary_by_Title_1-01-2026_to_1-01-2026.csv,2026-07-01T11:25:28,373d7a2dc9d3659f50456709a8e759488cac3098972198c424924ed7268c69d6
Clips4Sale,Unaware SSBBW Smokes and Outgrows Clothes,Unaware SSBBW Smokes and Outgrows Clothes,29016135,2,33.97,20.38,16.98,10.19,lady sublime ssbbw tight clothes try on cigarette smoking voyeur watermark-4k clips4sale.mov,mov,00:15:02,5601,3840x2160,2024-05-01 10:00:06,2026-07-01_11-23-38_title_summary_2026-01-01_to_2026-07-01_Sales_Summary_by_Title_1-01-2026_to_1-01-2026.csv,2026-07-01T11:25:28,b064573bd1c9cf5961cb7b3f5e72983d43e70b573378904d41fb055b7b165295
Clips4Sale,Fat Girl Sucks and Rides Dildo,Fat Girl Sucks and Rides Dildo,26444825,5,32.5,19.5,6.5,3.9,lady sublime bbw dick sucking and riding side view wm.mp4,mp4,00:08:23,456,1920x1080,2022-08-04 23:10:03,2026-07-01_11-23-38_title_summary_2026-01-01_to_2026-07-01_Sales_Summary_by_Title_1-01-2026_to_1-01-2026.csv,2026-07-01T11:25:28,109ededb211663a5d1268361e898acac2ad344f160d9f4faf97b2cb4065fbdee
Clips4Sale,BBW Morning Sex POV Solo,BBW Morning Sex POV Solo,26444891,5,32.5,19.5,6.5,3.9,lady sublime bbw morning sex pov black lace wm.mp4,mp4,00:10:44,584,1920x1080,2022-08-11 23:35:01,2026-07-01_11-23-38_title_summary_2026-01-01_to_2026-07-01_Sales_Summary_by_Title_1-01-2026_to_1-01-2026.csv,2026-07-01T11:25:28,2656296026db28b6ebfb2a9d98379b42b1808e04a7b9db914e39d003dd6aad7b
Clips4Sale,SSBBW Oil Play and Fat Jiggling,SSBBW Oil Play and Fat Jiggling,28832493,2,31.97,19.18,15.98,9.59,lady sublime ssbbw oil play tease fat jiggle twerk obese watermark-4k clips4sale.mov,mov,00:15:34,5537,3840x2160,2024-03-24 10:10:04,2026-07-01_11-23-38_title_summary_2026-01-01_to_2026-07-01_Sales_Summary_by_Title_1-01-2026_to_1-01-2026.csv,2026-07-01T11:25:28,dadae7ac5e6fad39671a4ed0aaa2ec559cb39067e8799cb1247bf02cc223c500
Clips4Sale,Fat Witch Needs Your Cum for Her Potion,Fat Witch Needs Your Cum for Her Potion,28153391,2,31.97,19.18,15.98,9.59,lady sublime bbw halloween witch pov cum begging riding bouncing blow job  watermark-4k HDR.mov,mov,00:12:41,4575,3840x2160,2023-10-21 10:20:04,2026-07-01_11-23-38_title_summary_2026-01-01_to_2026-07-01_Sales_Summary_by_Title_1-01-2026_to_1-01-2026.csv,2026-07-01T11:25:28,ec6a5aa7608b5b46fd0a6b603af3d565e7566a8e2c8b7897bf7f356f1b0430be
Clips4Sale,Fatty Stuffs T Bell and Weighs In,Fatty Stuffs T Bell and Weighs In,27461085,3,28.5,17.1,9.5,5.7,lady sublime bbw taco bell stuffing overeating weight in fat girl eating wm.mp4,mp4,00:18:00,978,1920x1080,2023-04-25 14:36:28,2026-07-01_11-23-38_title_summary_2026-01-01_to_2026-07-01_Sales_Summary_by_Title_1-01-2026_to_1-01-2026.csv,2026-07-01T11:25:28,de0c18d4bb0819a05351a1c66a6950ce69d06eb07cfedebd4728dd0633b4ba02
Clips4Sale,Fat Naked Yoga,Fat Naked Yoga,25704201,4,28.0,16.8,7.0,4.2,lady sublime bbw naked yoga poses exercise wm.mp4,mp4,00:12:48,694,1920x1080,2021-12-05 18:10:18,2026-07-01_11-23-38_title_summary_2026-01-01_to_2026-07-01_Sales_Summary_by_Title_1-01-2026_to_1-01-2026.csv,2026-07-01T11:25:28,b6751942b49a0538c4187fbc177ccec2af375e8e64f166336eed3e4bcc0fd7ba
Clips4Sale,Chargeback Forgiveness 106267173,Chargeback Forgiveness 106267173,31534051,1,27.98,16.79,27.98,16.79,lady sublime cake stuffing overeating rapid growth weight gain button popping clips4sale.mov,mov,00:22:10,5746,3840x2160,2025-07-21 10:00:07,2026-07-01_11-23-38_title_summary_2026-01-01_to_2026-07-01_Sales_Summary_by_Title_1-01-2026_to_1-01-2026.csv,2026-07-01T11:25:28,73381ec21753a5523b9b45caef78316915ecd9aa5811975c9e364386552c5857
Clips4Sale,Denim Shorts BBW Ass Worship,Denim Shorts BBW Ass Worship,26444807,5,27.5,16.5,5.5,3.3,lady sublime bbw jean short cut offs fat pussy ass boucing wm.mp4,mp4,00:07:29,407,1920x1080,2022-08-01 23:00:04,2026-07-01_11-23-38_title_summary_2026-01-01_to_2026-07-01_Sales_Summary_by_Title_1-01-2026_to_1-01-2026.csv,2026-07-01T11:25:28,2b60abaa1178ae8991d84d15e23aa2efbeb496805a0999ad37df56f1e9207d28
Clips4Sale,Fatty Chugs Three Large Milkshakes,Fatty Chugs Three Large Milkshakes,27929649,1,26.98,16.19,26.98,16.19,milkshake chug final-1080p HDR.mov,mov,00:26:11,3117,1920x1080,2023-08-31 22:24:19,2026-07-01_11-23-38_title_summary_2026-01-01_to_2026-07-01_Sales_Summary_by_Title_1-01-2026_to_1-01-2026.csv,2026-07-01T11:25:28,e982bc406c77bc51a0b537659830abd469c3ac8537d2078df397addedda6229f
Clips4Sale,SSBBW Bloats and Burps with Milkshake and Soda,SSBBW Bloats and Burps with Milkshake and Soda,27080333,4,26.0,15.6,6.5,3.9,lady sublime bbw stuffing chugging burping feederism feedee growing fetish WM.mp4,mp4,00:10:45,579,1920x1080,2023-01-17 22:09:32,2026-07-01_11-23-38_title_summary_2026-01-01_to_2026-07-01_Sales_Summary_by_Title_1-01-2026_to_1-01-2026.csv,2026-07-01T11:25:28,b1816ecdbbff01bfcfa768c2fe501282ea2d54b43783fef63f1b00487d308d88
Clips4Sale,Stroke and Cum with a Fatty,Stroke and Cum with a Fatty,24858325,2,25.97,15.58,12.98,7.79,lady sublime bbw mutual masturbation wet pussy orgasm WM.mp4,mp4,00:11:47,638,1920x1080,2021-04-22 20:21:37,2026-07-01_11-23-38_title_summary_2026-01-01_to_2026-07-01_Sales_Summary_by_Title_1-01-2026_to_1-01-2026.csv,2026-07-01T11:25:28,88ea54f66188bfd1ff25fb9c1b61d9dccb91f6f426e8d3af0573b1efd68d51cb
Clips4Sale,BBW Striptease and Lapdance POV,BBW Striptease and Lapdance POV,24973307,2,25.97,15.58,12.98,7.79,lady sublime bbw striptease and lapdance POV WM.mp4,mp4,00:11:49,641,1920x1080,2021-05-24 10:25:02,2026-07-01_11-23-38_title_summary_2026-01-01_to_2026-07-01_Sales_Summary_by_Title_1-01-2026_to_1-01-2026.csv,2026-07-01T11:25:28,a1a54b8aa035980fbf8b0d67a09702c9d390a2b9f45ebdf99d828697ef4cd72f
Clips4Sale,BBW Gives Smoky BJ and Vibes Fat Pussy,BBW Gives Smoky BJ and Vibes Fat Pussy,24731639,2,25.97,15.58,12.98,7.79,lady sublime bbw cigarette smoking bj pussy vibe WM.mp4,mp4,00:12:08,653,1920x1080,2021-03-25 21:54:35,2026-07-01_11-23-38_title_summary_2026-01-01_to_2026-07-01_Sales_Summary_by_Title_1-01-2026_to_1-01-2026.csv,2026-07-01T11:25:28,8e5cccaa2d5edba20ce356a1b558df64f9ed84f6db27157a4efe01d6d14ac2d9
Clips4Sale,Sexy BBW Wants to Masturbate Together,Sexy BBW Wants to Masturbate Together,25664651,3,25.5,15.3,8.5,5.1,lady sublime bbw wet pussy rubbing and cum encouragement WM.mp4,mp4,00:14:05,765,1920x1080,2021-11-22 20:23:43,2026-07-01_11-23-38_title_summary_2026-01-01_to_2026-07-01_Sales_Summary_by_Title_1-01-2026_to_1-01-2026.csv,2026-07-01T11:25:28,496597178c21cca11a9cdf3faa1dcfda7023baff19724fe9d0b17deb13c28854
Clips4Sale,Kneel and Eat My Fat BBW Pussy,Kneel and Eat My Fat BBW Pussy,26461421,3,25.5,15.3,8.5,5.1,lady sublime bbw purple lingerie fat pussy play wm.mp4,mp4,00:15:03,818,1920x1080,2022-08-15 23:40:01,2026-07-01_11-23-38_title_summary_2026-01-01_to_2026-07-01_Sales_Summary_by_Title_1-01-2026_to_1-01-2026.csv,2026-07-01T11:25:28,a65461619330f81099937e52fa6b0851b2c92de9c0e98b679edc6681bd9035ed
Clips4Sale,SSBBW Babe Gobbles Entire Pie,SSBBW Babe Gobbles Entire Pie,28324321,1,23.98,14.39,23.98,14.39,lady sublime bbw pie food stuffing overeating gaining fat belly growing ssbbw4k clips4sale.mov,mov,00:25:02,5526,3840x2160,2023-11-27 21:49:01,2026-07-01_11-23-38_title_summary_2026-01-01_to_2026-07-01_Sales_Summary_by_Title_1-01-2026_to_1-01-2026.csv,2026-07-01T11:25:28,11277cbcaead135e6a816b74525dd7b3bd57a70597e3aa9bf84a97fbc58b57c2
Clips4Sale,Oiled-Up BBW Bounces Fat For You,Oiled-Up BBW Bounces Fat For You,24019359,2,23.97,14.38,11.98,7.19,lady sublime bbw fat worship oil big belly ass WM2.mp4,mp4,00:11:30,625,1920x1080,2020-10-30 19:05:02,2026-07-01_11-23-38_title_summary_2026-01-01_to_2026-07-01_Sales_Summary_by_Title_1-01-2026_to_1-01-2026.csv,2026-07-01T11:25:28,77bb678791d1335ca878c89b32c24463d905760c85243165e27992b715aecf2e
Clips4Sale,Worship My Fat SSBBW Body,Worship My Fat SSBBW Body,28054807,1,22.98,13.79,22.98,13.79,lady sublime bbw body worship fat jiggle tits ass pussy feet watermark-4k HDR.mov,mov,00:22:31,4458,3840x2160,2023-09-22 15:59:15,2026-07-01_11-23-38_title_summary_2026-01-01_to_2026-07-01_Sales_Summary_by_Title_1-01-2026_to_1-01-2026.csv,2026-07-01T11:25:28,d0a6792029f4ca62af6f6a168cdee98971c85dccbfaace2daf061eec2a7817ac
Clips4Sale,Chargeback Forgiveness 109127975,Chargeback Forgiveness 109127975,30632943,1,21.98,13.19,21.98,13.19,lady sublime ssbbw weight gain too fat pov fucking masturbation cum watermark-4k clips4sale.mov,mov,00:13:41,5760,3840x2160,2025-02-24 02:00:04,2026-07-01_11-23-38_title_summary_2026-01-01_to_2026-07-01_Sales_Summary_by_Title_1-01-2026_to_1-01-2026.csv,2026-07-01T11:25:28,5a5358e7f337da270933d741a9ec14e8a6f29a6bd9c6f095445ab28365fb0682
Clips4Sale,Chargeback Forgiveness 106266719,Chargeback Forgiveness 106266719,29961257,1,21.98,13.19,21.98,13.19,lady sublime ssbbw giantess fetish growing taller bikini weight gain watermark-4k clips4sale.mov,mov,00:16:52,5620,3840x2160,2024-10-25 20:15:34,2026-07-01_11-23-38_title_summary_2026-01-01_to_2026-07-01_Sales_Summary_by_Title_1-01-2026_to_1-01-2026.csv,2026-07-01T11:25:28,c7f25fb357c2366465534a20df1e4d234dc571ec23afb88394d61e5c8a0a479e
Clips4Sale,BBW Spread and Begging for Anal,BBW Spread and Begging for Anal,25616717,3,21.0,12.6,7.0,4.2,lady sublime bbw white fishnet ass worship beg for anal hairy fat ass WM.mp4,mp4,00:10:39,579,1920x1080,2021-11-07 04:21:29,2026-07-01_11-23-38_title_summary_2026-01-01_to_2026-07-01_Sales_Summary_by_Title_1-01-2026_to_1-01-2026.csv,2026-07-01T11:25:28,e0e5b3913fc08bf6d9b0f3569ae0e78992ad131afecae3b764e55a2c7175a2e7
Clips4Sale,SSBBW Oiled Up Jiggling and Bouncing,SSBBW Oiled Up Jiggling and Bouncing,29285041,1,20.98,12.59,20.98,12.59,lady sublime ssbbw oil play rubbing fat jiggle bikini watermark-4k clips4sale.mov,mov,00:19:48,5621,3840x2160,2024-06-14 20:48:07,2026-07-01_11-23-38_title_summary_2026-01-01_to_2026-07-01_Sales_Summary_by_Title_1-01-2026_to_1-01-2026.csv,2026-07-01T11:25:28,ba6837e9a284a825d812729ce200d3a1c925aa3007dd1815d25febb134978903
Clips4Sale,SSBBW Catwalk and Fat Bouncing in Heels,SSBBW Catwalk and Fat Bouncing in Heels,27276267,2,19.0,11.4,9.5,5.7,lady sublime bbw hairy pussy play pov riding bouncing wm.mp4,mp4,00:18:18,993,1920x1080,2023-03-09 03:45:56,2026-07-01_11-23-38_title_summary_2026-01-01_to_2026-07-01_Sales_Summary_by_Title_1-01-2026_to_1-01-2026.csv,2026-07-01T11:25:28,16c0e2c87ef2b6b02a916f02bb502691fc169c065a13727f4a7545ad57380476
Clips4Sale,Hot Fatty Shows Off SSBBW Body in Lingerie and Heels,Hot Fatty Shows Off SSBBW Body in Lingerie and Heels,28626979,1,18.98,11.39,18.98,11.39,lady sublime bbw lingerie catwalk heels twerk jiggle fat feedee gainer watermark-4k clips4sale.mov,mov,00:18:43,5424,3840x2160,2024-02-12 10:35:02,2026-07-01_11-23-38_title_summary_2026-01-01_to_2026-07-01_Sales_Summary_by_Title_1-01-2026_to_1-01-2026.csv,2026-07-01T11:25:28,2684fdc311815b5b050ed8b1bdb329113678b4a55e3bd47fbc634d35d8d99b68
Clips4Sale,Feedee BBW Wife Wants to Stop Gaining POV,Feedee BBW Wife Wants to Stop Gaining POV,26786437,2,18.0,10.8,9.0,5.4,lady sublime bbw fat gaining wife POV solo fucking wm.mp4,mp4,00:16:53,913,1920x1080,2022-11-01 22:03:41,2026-07-01_11-23-38_title_summary_2026-01-01_to_2026-07-01_Sales_Summary_by_Title_1-01-2026_to_1-01-2026.csv,2026-07-01T11:25:28,94a18fbd67a8d26c9ca818c4c96fdda3dff73572dbacf9b502ef1b022fcf5a05
Clips4Sale,Naked Fatty Tells You How to Stroke,Naked Fatty Tells You How to Stroke,28106135,1,17.98,10.79,17.98,10.79,lady sublime bbw naked joi jiggle cum countdown fat pussy watermark-4k HDR.mov,mov,00:17:37,4276,3840x2160,2023-10-12 09:35:02,2026-07-01_11-23-38_title_summary_2026-01-01_to_2026-07-01_Sales_Summary_by_Title_1-01-2026_to_1-01-2026.csv,2026-07-01T11:25:28,8828ea3a8b9c9542d8013902235d2b901bedbd23a43389688bb2244206cf68ab
Clips4Sale,BBW Catwalk and Belly Bounce in Heels,BBW Catwalk and Belly Bounce in Heels,24019625,2,17.97,10.78,8.98,5.39,lady sublime bbw catwalk heels belly play fat slowmo WM.mp4,mp4,00:08:24,454,1920x1080,2020-11-03 20:15:01,2026-07-01_11-23-38_title_summary_2026-01-01_to_2026-07-01_Sales_Summary_by_Title_1-01-2026_to_1-01-2026.csv,2026-07-01T11:25:28,a5f8c396d1bf745b18e0cdf7dcf640b8ad3dacf56d23091112b5e2d4fc0805df
Clips4Sale,Tight Dress Fat Bouncing,Tight Dress Fat Bouncing,24023269,3,17.95,10.77,5.98,3.59,lady sublime bbw tight dress flat flopping with slow mo WM.mp4,mp4,00:05:38,306,1920x1080,2020-11-13 15:20:02,2026-07-01_11-23-38_title_summary_2026-01-01_to_2026-07-01_Sales_Summary_by_Title_1-01-2026_to_1-01-2026.csv,2026-07-01T11:25:28,6dfb8fd4486024a938de15c5b3b08bc835b58918189b34c9445f8c91681f41c4
Clips4Sale,BBW Dancing and Masturbating in the Mirror,BBW Dancing and Masturbating in the Mirror,25766689,2,17.0,10.2,8.5,5.1,lady sublime bbw dancing mirror twerk pussy play masturbation WM.mp4,mp4,00:15:47,857,1920x1080,2021-12-25 22:58:23,2026-07-01_11-23-38_title_summary_2026-01-01_to_2026-07-01_Sales_Summary_by_Title_1-01-2026_to_1-01-2026.csv,2026-07-01T11:25:28,df12d6ea9d5dbd677fbe5a0d79809a698f5549ab2e0de2e935bb19ee412587c9
Clips4Sale,SSBBW Lingerie Tease and JOI w Countdown,SSBBW Lingerie Tease and JOI w Countdown,27675129,1,16.98,10.19,16.98,10.19,joi countdown.mov,mov,00:16:41,4489,3840x2160,2023-09-07 23:54:50,2026-07-01_11-23-38_title_summary_2026-01-01_to_2026-07-01_Sales_Summary_by_Title_1-01-2026_to_1-01-2026.csv,2026-07-01T11:25:28,9ab9514ff395d9eadce04166afe9f6a7278bb338092a1208c370fb1af18c38f8
Clips4Sale,Licking Whipped Cream Off of My Fat SSBBW Tits,Licking Whipped Cream Off of My Fat SSBBW Tits,28801307,1,16.98,10.19,16.98,10.19,lady sublime ssbbw whipped cream messy eating mukbangs watermark-4k clips4sale.mov,mov,00:15:17,4782,3840x2160,2024-03-20 10:00:08,2026-07-01_11-23-38_title_summary_2026-01-01_to_2026-07-01_Sales_Summary_by_Title_1-01-2026_to_1-01-2026.csv,2026-07-01T11:25:28,09afe5d3dfcf9248372911611a366d4b0c3867d16161fcecb01019092a295165
Clips4Sale,Chargeback Forgiveness 106573449,Chargeback Forgiveness 106573449,29016135,1,16.98,10.19,16.98,10.19,lady sublime ssbbw tight clothes try on cigarette smoking voyeur watermark-4k clips4sale.mov,mov,00:15:02,5601,3840x2160,2024-05-01 10:00:06,2026-07-01_11-23-38_title_summary_2026-01-01_to_2026-07-01_Sales_Summary_by_Title_1-01-2026_to_1-01-2026.csv,2026-07-01T11:25:28,08e93c72355d589c5154650bffd9e634f9a137db2910313cb4d89d23e46ca541
Clips4Sale,BBW Fucks Dripping Pussy With Dildo,BBW Fucks Dripping Pussy With Dildo,25509723,1,16.98,10.19,16.98,10.19,lady sublime bbw super wet hairy pussy dripping dildo fucking cumming WM.mp4,mp4,00:15:36,846,1920x1080,2021-10-02 19:00:26,2026-07-01_11-23-38_title_summary_2026-01-01_to_2026-07-01_Sales_Summary_by_Title_1-01-2026_to_1-01-2026.csv,2026-07-01T11:25:28,f2c50da4fa249f57657d894213a434a57dfd5e61e9722ed44439cf1b633721e8
Clips4Sale,SSBBW Black Bikini Catwalk in Heels,SSBBW Black Bikini Catwalk in Heels,27012965,2,16.0,9.6,8.0,4.8,lady sublime bbw black bikini ssbbw catwalk heels fat belly jiggle bounce cellulite twerking wm.mp4,mp4,00:15:44,855,1920x1080,2022-12-29 22:29:13,2026-07-01_11-23-38_title_summary_2026-01-01_to_2026-07-01_Sales_Summary_by_Title_1-01-2026_to_1-01-2026.csv,2026-07-01T11:25:28,0499e2cc4181164b459cbf71deb92403721cb431ed899289126b4ad62cc494fb
Clips4Sale,Hot Fatty Stuffs Snack Cakes,Hot Fatty Stuffs Snack Cakes,24023205,1,15.98,9.59,15.98,9.59,lady sublime bbw snack cake stuffing feeder feederism belly play WM.mp4,mp4,00:15:24,837,1920x1080,2020-11-09 15:05:02,2026-07-01_11-23-38_title_summary_2026-01-01_to_2026-07-01_Sales_Summary_by_Title_1-01-2026_to_1-01-2026.csv,2026-07-01T11:25:28,d2ab64203af8fdead08a6a38dc7fb26090e842985bc8b5c63efd3aa86f00e6d0
Clips4Sale,Cum Shot on My Fat Droopy Tits,Cum Shot on My Fat Droopy Tits,24626723,1,14.98,8.99,14.98,8.99,lady sublime bbw squirting dildo titty shot neon thong WM.mp4,mp4,00:14:32,790,1920x1080,2021-03-04 01:04:23,2026-07-01_11-23-38_title_summary_2026-01-01_to_2026-07-01_Sales_Summary_by_Title_1-01-2026_to_1-01-2026.csv,2026-07-01T11:25:28,ba71b4654038249dba7267b3a4cd9d30a2fc62fd9f468c93779eec0041c0beb5
Clips4Sale,Fatty Fucks Herself in the Window,Fatty Fucks Herself in the Window,26046385,2,14.0,8.4,7.0,4.2,lady sublime bbw dildo fucking red lingerie nn window moaning orgasm wm.mp4,mp4,00:12:50,696,1920x1080,2022-03-24 17:15:53,2026-07-01_11-23-38_title_summary_2026-01-01_to_2026-07-01_Sales_Summary_by_Title_1-01-2026_to_1-01-2026.csv,2026-07-01T11:25:28,0224c5db9336eee6de0329f0b5aa84d3a33befe54535c3fc9d4c02993800a233
Clips4Sale,Fat Pussy Dripping on Your Face,Fat Pussy Dripping on Your Face,25679229,2,14.0,8.4,7.0,4.2,lady sublime bbw dripping pussy overhead masturbation cum WM.mp4,mp4,00:10:42,582,1920x1080,2021-11-27 19:57:06,2026-07-01_11-23-38_title_summary_2026-01-01_to_2026-07-01_Sales_Summary_by_Title_1-01-2026_to_1-01-2026.csv,2026-07-01T11:25:28,fa226748daeb7b33f04b24fc2c961ebd077e13ddea05954a419be53765a29be2
Clips4Sale,BBW Squirts in the Bathroom,BBW Squirts in the Bathroom,26444779,2,14.0,8.4,7.0,4.2,lady sublime bbw squirt masturbation toilet bathroom wm.mp4,mp4,00:10:15,556,1920x1080,2022-07-28 21:00:05,2026-07-01_11-23-38_title_summary_2026-01-01_to_2026-07-01_Sales_Summary_by_Title_1-01-2026_to_1-01-2026.csv,2026-07-01T11:25:28,670e9e0a6eab83944d13699087f665db62c4ba44badaa2fdc27705202b948e8b
Clips4Sale,Fat Fitness Instructor Causes Shaking,Fat Fitness Instructor Causes Shaking,27986033,1,13.98,8.39,13.98,8.39,bbw fitness.mov,mov,00:10:21,4169,3840x2160,2023-09-07 02:19:33,2026-07-01_11-23-38_title_summary_2026-01-01_to_2026-07-01_Sales_Summary_by_Title_1-01-2026_to_1-01-2026.csv,2026-07-01T11:25:28,0598b3b01458eeee34d1241fa48b5f85b6fdd24f19ee0f3b0df5865bb7372b8e
Clips4Sale,Chargeback Forgiveness 106530597,Chargeback Forgiveness 106530597,28102771,1,13.98,8.39,13.98,8.39,bbw cum.mov,mov,00:12:18,4472,3840x2160,2023-10-07 10:30:03,2026-07-01_11-23-38_title_summary_2026-01-01_to_2026-07-01_Sales_Summary_by_Title_1-01-2026_to_1-01-2026.csv,2026-07-01T11:25:28,a898540e94c5d587a3231b2d58c910fdf4a7b5c9e8bafb9e147562d5797711f8
Clips4Sale,BBW Gets Naughty in the Bath,BBW Gets Naughty in the Bath,24019591,1,13.98,8.39,13.98,8.39,lady sublime bbw bath time bubble play WM2.mp4,mp4,00:13:14,718,1920x1080,2020-11-01 00:00:01,2026-07-01_11-23-38_title_summary_2026-01-01_to_2026-07-01_Sales_Summary_by_Title_1-01-2026_to_1-01-2026.csv,2026-07-01T11:25:28,51ed64e92f21c8583debb1941c9631257e2623f7b7c3b011824762f05814c139
Clips4Sale,Fatty BBW Cums Instead of Exercising,Fatty BBW Cums Instead of Exercising,25560449,2,13.0,7.8,6.5,3.9,lady sublime bbw workout belly bouncing jumping jacks vibrator cum WM.mp4,mp4,00:10:52,591,1920x1080,2021-10-19 03:38:10,2026-07-01_11-23-38_title_summary_2026-01-01_to_2026-07-01_Sales_Summary_by_Title_1-01-2026_to_1-01-2026.csv,2026-07-01T11:25:28,78b415904d3a45bf4dea74f9ef9b57a73e99535bee3be0f58c7aa27d79977cf9
Clips4Sale,BBW Stripper Lets You Fuck in VIP,BBW Stripper Lets You Fuck in VIP,25577519,2,13.0,7.8,6.5,3.9,lady sublime bbw stripper fucks client n vip pov solo WM.mp4,mp4,00:10:45,585,1920x1080,2021-10-25 12:16:49,2026-07-01_11-23-38_title_summary_2026-01-01_to_2026-07-01_Sales_Summary_by_Title_1-01-2026_to_1-01-2026.csv,2026-07-01T11:25:28,0170fb3d257581fb14bd6c013de16db3a5552ba89ed08b4ac0f1ee5b973e4f96
Clips4Sale,BBW Bounces Fat in the Shower,BBW Bounces Fat in the Shower,25927379,2,13.0,7.8,6.5,3.9,lady sublime bbw sudsy shower fat clap pussy play WM.mp4,mp4,00:10:56,595,1920x1080,2022-02-15 17:20:52,2026-07-01_11-23-38_title_summary_2026-01-01_to_2026-07-01_Sales_Summary_by_Title_1-01-2026_to_1-01-2026.csv,2026-07-01T11:25:28,d437ed12df334f878e28d2369bc97e4bd36ead25617b289c27a2e56318cad8af
Clips4Sale,Horny SSBBW Teases Fat Pussy VISION PRO (Spatial Video),Horny SSBBW Teases Fat Pussy VISION PRO (Spatial Video),28793343,1,12.98,7.79,12.98,7.79,lady sublime ssbbw vision pro spatial video pussy tease.MOV,MOV,00:05:33,715,1920x1080,2024-03-14 18:08:16,2026-07-01_11-23-38_title_summary_2026-01-01_to_2026-07-01_Sales_Summary_by_Title_1-01-2026_to_1-01-2026.csv,2026-07-01T11:25:28,dd9efb7bd342340f8c1a96b8997eaa35ff4b99a1447d0670f84bf32f0efcffc0
Clips4Sale,Blue Jean Fat Ass Worship,Blue Jean Fat Ass Worship,24019609,1,12.98,7.79,12.98,7.79,lady sublime bbw ass worship denim jeans twerk in heels WM.mp4,mp4,00:12:19,669,1920x1080,2020-11-02 20:10:02,2026-07-01_11-23-38_title_summary_2026-01-01_to_2026-07-01_Sales_Summary_by_Title_1-01-2026_to_1-01-2026.csv,2026-07-01T11:25:28,31998fcc059db95612b83f0a42b6aaf8ac4562592d852ea10e5dd376c53890c4
Clips4Sale,BBW Shower,BBW Shower,24028939,1,12.98,7.79,12.98,7.79,lady sublime bbw soapy sudsy shower hidden camera WM.mp4,mp4,00:12:16,579,1920x1080,2020-11-17 19:25:02,2026-07-01_11-23-38_title_summary_2026-01-01_to_2026-07-01_Sales_Summary_by_Title_1-01-2026_to_1-01-2026.csv,2026-07-01T11:25:28,9119b4bfdf328c15cda1e943dca92696a98efeddb644222c56c845ce6df03579
Clips4Sale,Touring My Fat Jiggly Body,Touring My Fat Jiggly Body,24019337,1,10.98,6.59,10.98,6.59,lady sublime bbw fat shaking bouncing ssbbw twerk WM2.mp4,mp4,00:10:08,550,1920x1080,2020-10-29 00:00:02,2026-07-01_11-23-38_title_summary_2026-01-01_to_2026-07-01_Sales_Summary_by_Title_1-01-2026_to_1-01-2026.csv,2026-07-01T11:25:28,b95e4afda3a7174344b72d3cb094ad527ac6e809f2c931d0a8837d9678848f0e
Clips4Sale,Stuffed BBW Struggles to Stand Up,Stuffed BBW Struggles to Stand Up,25132457,1,10.98,6.59,10.98,6.59,lady sublime bbw fat struggle to get up too heavy WM.mp4,mp4,00:08:42,474,1920x1080,2021-06-24 18:22:28,2026-07-01_11-23-38_title_summary_2026-01-01_to_2026-07-01_Sales_Summary_by_Title_1-01-2026_to_1-01-2026.csv,2026-07-01T11:25:28,1d08b93c92e551ed45fbdb8b81c80cadf762c595d22aba74d789bd6911203651
Clips4Sale,Nude Tights Fat Ass Worship,Nude Tights Fat Ass Worship,24023189,1,10.98,6.59,10.98,6.59,lady sublime bbw nude tights ass worship heels hairy pussy fat ass WM.mp4,mp4,00:10:21,562,1920x1080,2020-11-08 14:55:01,2026-07-01_11-23-38_title_summary_2026-01-01_to_2026-07-01_Sales_Summary_by_Title_1-01-2026_to_1-01-2026.csv,2026-07-01T11:25:28,7aa9759719780fd1acabd97eeb1ef839ff87773bf3e70b7cd17f2be9211dd688
Clips4Sale,Hot Fatty Fucks Dildo in the Shower,Hot Fatty Fucks Dildo in the Shower,24156763,1,10.98,6.59,10.98,6.59,lady sublime bbw shower dildo fucking sucking WM.mp4,mp4,00:10:01,544,1920x1080,2020-11-22 16:19:40,2026-07-01_11-23-38_title_summary_2026-01-01_to_2026-07-01_Sales_Summary_by_Title_1-01-2026_to_1-01-2026.csv,2026-07-01T11:25:28,48111c448f2ba0c4e94ea903cac0611f8a093d3be39839b8628df5ea83be4aef
Clips4Sale,Fat Stripper Gives You a Lapdance,Fat Stripper Gives You a Lapdance,24028985,1,10.98,6.59,10.98,6.59,lady sublime bbw stripper lap dance fucks WM.mp4,mp4,00:10:16,557,1920x1080,2020-11-20 19:40:02,2026-07-01_11-23-38_title_summary_2026-01-01_to_2026-07-01_Sales_Summary_by_Title_1-01-2026_to_1-01-2026.csv,2026-07-01T11:25:28,555687c28cd4ec7979b2094c5f9efae63562bf11fbf45ae73887bf50b767d543
Clips4Sale,Fatty in the Shower,Fatty in the Shower,24023261,1,9.98,5.99,9.98,5.99,lady sublime bbw soapy shower fat body worship WM.mp4,mp4,00:09:20,507,1920x1080,2020-11-12 15:15:02,2026-07-01_11-23-38_title_summary_2026-01-01_to_2026-07-01_Sales_Summary_by_Title_1-01-2026_to_1-01-2026.csv,2026-07-01T11:25:28,d7a14599adf23e031ab2d46a7c458da4dd3000185509261690dbb9341f0f11a4
Clips4Sale,BBW Body Bouncing and Jiggling,BBW Body Bouncing and Jiggling,24255999,1,9.98,5.99,9.98,5.99,lady sublime bbw fat bouncing and teasing fat jiggling WM.mp4,mp4,00:09:37,522,1920x1080,2020-12-13 22:28:47,2026-07-01_11-23-38_title_summary_2026-01-01_to_2026-07-01_Sales_Summary_by_Title_1-01-2026_to_1-01-2026.csv,2026-07-01T11:25:28,1825f4d554547a1ecdccf990db5a4e5acbe4595ac755bcd76b2c18eb8ccb3dca
Clips4Sale,65-Inch Ass Worship,65-Inch Ass Worship,24019215,1,9.98,5.99,9.98,5.99,lady sublime bbw ass worship twerk butthole WM2.mp4,mp4,00:09:44,526,1920x1080,2020-10-27 00:00:02,2026-07-01_11-23-38_title_summary_2026-01-01_to_2026-07-01_Sales_Summary_by_Title_1-01-2026_to_1-01-2026.csv,2026-07-01T11:25:28,6808dd65affe3ce5c5362cc4c742733564eda08226df7976247a17bb3c0ceae3
Clips4Sale,Bra Changing SSBBW JOI w Cum Countdown,Bra Changing SSBBW JOI w Cum Countdown,27276295,1,9.5,5.7,9.5,5.7,lady sublime bbw bra changing joi cum countdown wm.mp4,mp4,00:18:07,984,1920x1080,2023-03-09 03:54:20,2026-07-01_11-23-38_title_summary_2026-01-01_to_2026-07-01_Sales_Summary_by_Title_1-01-2026_to_1-01-2026.csv,2026-07-01T11:25:28,20273ecdaf5499ceb3dc2ed16f294e40a3a0680a9e57064a417836daf0e3c63e
Clips4Sale,Little Black Dress SSBBW Jiggly Catwalk in Heels,Little Black Dress SSBBW Jiggly Catwalk in Heels,27276257,1,9.0,5.4,9.0,5.4,lady sublime bbw catwalk black dress heels jiggle fat bouncing ssbbw wm.mp4,mp4,00:17:20,942,1920x1080,2023-03-09 03:46:03,2026-07-01_11-23-38_title_summary_2026-01-01_to_2026-07-01_Sales_Summary_by_Title_1-01-2026_to_1-01-2026.csv,2026-07-01T11:25:28,7e0a9d32290488d6df46ae447da332a509c7f8962b7e0e67f7739122a8e8c807
Clips4Sale,Fatty Binges T Bell Burritos,Fatty Binges T Bell Burritos,26444841,1,9.0,5.4,9.0,5.4,lady sublime bbw burrito binge food stuffing overeating gaining feedee feederism wm.mp4,mp4,00:34:15,1851,1920x1080,2022-08-08 23:25:02,2026-07-01_11-23-38_title_summary_2026-01-01_to_2026-07-01_Sales_Summary_by_Title_1-01-2026_to_1-01-2026.csv,2026-07-01T11:25:28,e587644d5e44ec8d2d5fb450ec77e839bfa3621ef724a65107d28b09239910db
Clips4Sale,BBW Catwalk Bounce and Tease in Heels,BBW Catwalk Bounce and Tease in Heels,26904811,1,9.0,5.4,9.0,5.4,lady suublime bbw heels catwalk belly play twerking ssbbw jfat bouncing wm.mp4,mp4,00:17:05,928,1920x1080,2022-11-29 16:10:20,2026-07-01_11-23-38_title_summary_2026-01-01_to_2026-07-01_Sales_Summary_by_Title_1-01-2026_to_1-01-2026.csv,2026-07-01T11:25:28,d507b51a0507285195724a02c02d5009183116950beb02e0a74349577954bdf9
Clips4Sale,Lady Sublime BBW Fat Body Measurements,Lady Sublime BBW Fat Body Measurements,24057891,1,8.98,5.39,8.98,5.39,lady sublime bbw full body fat measurement WM.mp4,mp4,00:08:42,472,1920x1080,2020-11-22 22:05:01,2026-07-01_11-23-38_title_summary_2026-01-01_to_2026-07-01_Sales_Summary_by_Title_1-01-2026_to_1-01-2026.csv,2026-07-01T11:25:28,38dd5386988ff036dc0164c5c7fd94b93a4439e93423e78be197850d26a3d30f
Clips4Sale,Bouncing My Fat BBW Body,Bouncing My Fat BBW Body,24028933,1,7.98,4.79,7.98,4.79,lady sublime bbw fat bouncing twerking belly play WM.mp4,mp4,00:07:40,416,1920x1080,2020-11-16 19:25:02,2026-07-01_11-23-38_title_summary_2026-01-01_to_2026-07-01_Sales_Summary_by_Title_1-01-2026_to_1-01-2026.csv,2026-07-01T11:25:28,3505a2b103d3fa016d270d58a8b954b99a218de99c5ece308d1d24271125ffa7
Clips4Sale,BBW Catwalk in Bodystocking Dress,BBW Catwalk in Bodystocking Dress,24019631,1,7.98,4.79,7.98,4.79,lady sublime bbw catwalk hot pink fishnet dress belly play twerk fat worship WM.mp4,mp4,00:07:36,412,1920x1080,2020-11-05 20:25:02,2026-07-01_11-23-38_title_summary_2026-01-01_to_2026-07-01_Sales_Summary_by_Title_1-01-2026_to_1-01-2026.csv,2026-07-01T11:25:28,22234567b1ec85f7cab6ca2f5ba67a2450d2f17ce259ce15c4b09fcb5e8d7279
Clips4Sale,Fat Teasing and Pussy Fucking,Fat Teasing and Pussy Fucking,25750911,1,7.0,4.2,7.0,4.2,lady sublime bbw fat tease dildo fucking creamy pussy riding fat booty orgasm WM.mp4,mp4,00:12:26,675,1920x1080,2021-12-20 18:46:32,2026-07-01_11-23-38_title_summary_2026-01-01_to_2026-07-01_Sales_Summary_by_Title_1-01-2026_to_1-01-2026.csv,2026-07-01T11:25:28,1dbb9b1574ffb4479894ec5e2f700f320d544e98dbd78c8ad92df9815a11c431
Clips4Sale,Fat Girl Stuffs Donuts and Rides Glass Dildo,Fat Girl Stuffs Donuts and Rides Glass Dildo,25637281,1,7.0,4.2,7.0,4.2,lady sublime bbw horny donut eating glass dildo fucking and riding WM.mp4,mp4,00:11:47,640,1920x1080,2021-11-13 20:51:33,2026-07-01_11-23-38_title_summary_2026-01-01_to_2026-07-01_Sales_Summary_by_Title_1-01-2026_to_1-01-2026.csv,2026-07-01T11:25:28,864d7fc617330d97a69c22a7e54740bce518c3ca554ea2e7e411eab1a655cb24
Clips4Sale,Chargeback 106530597,Chargeback 106530597,28102771,1,-13.98,-8.39,-13.98,-8.39,bbw cum.mov,mov,00:12:18,4472,3840x2160,2023-10-07 10:30:03,2026-07-01_11-23-38_title_summary_2026-01-01_to_2026-07-01_Sales_Summary_by_Title_1-01-2026_to_1-01-2026.csv,2026-07-01T11:25:28,aa74061b03acd9a1407ab64c5e0f7c69fddfa7b56261bb4c25a6fb011294f25c
Clips4Sale,Chargeback 106573449,Chargeback 106573449,29016135,1,-16.98,-10.19,-16.98,-10.19,lady sublime ssbbw tight clothes try on cigarette smoking voyeur watermark-4k clips4sale.mov,mov,00:15:02,5601,3840x2160,2024-05-01 10:00:06,2026-07-01_11-23-38_title_summary_2026-01-01_to_2026-07-01_Sales_Summary_by_Title_1-01-2026_to_1-01-2026.csv,2026-07-01T11:25:28,ae3e7cf4414c4587c06810210d919a3a94960c2f4be24c9bea1d0358590fbfc7
Clips4Sale,Refund 107960967,Refund 107960967,30670805,1,-19.98,-11.99,-19.98,-11.99,lady sublime ssbbw  twek ass butthole fat pussy masturbation dildo fuck clips4sale.mov,mov,00:11:11,5672,3840x2160,2025-03-06 10:00:09,2026-07-01_11-23-38_title_summary_2026-01-01_to_2026-07-01_Sales_Summary_by_Title_1-01-2026_to_1-01-2026.csv,2026-07-01T11:25:28,45ed63816a7159648940cdf1cbb52b5f4721e619df8f7f628b9520c2f18efedc
Clips4Sale,Chargeback 109127975,Chargeback 109127975,30632943,1,-21.98,-13.19,-21.98,-13.19,lady sublime ssbbw weight gain too fat pov fucking masturbation cum watermark-4k clips4sale.mov,mov,00:13:41,5760,3840x2160,2025-02-24 02:00:04,2026-07-01_11-23-38_title_summary_2026-01-01_to_2026-07-01_Sales_Summary_by_Title_1-01-2026_to_1-01-2026.csv,2026-07-01T11:25:28,b95188d3995f77f419397ca2af5a65b241d472f7a3431aab946833ed9fc6a706
Clips4Sale,Chargeback 106266719,Chargeback 106266719,29961257,1,-21.98,-13.19,-21.98,-13.19,lady sublime ssbbw giantess fetish growing taller bikini weight gain watermark-4k clips4sale.mov,mov,00:16:52,5620,3840x2160,2024-10-25 20:15:34,2026-07-01_11-23-38_title_summary_2026-01-01_to_2026-07-01_Sales_Summary_by_Title_1-01-2026_to_1-01-2026.csv,2026-07-01T11:25:28,278e46f17faf927833d2b89d366b0bc2dadd66f1d479efb2a4fbe27ced14b371
Clips4Sale,Refund 108316959,Refund 108316959,32818231,1,-24.98,-14.99,-24.98,-14.99,lady_sublime_ssbbw_giantess_vore_burping_farting_fat_POV_watermark_4k_clips4sale_260129180050.mov,mov,00:12:00,5652,3840x2160,2026-01-30 00:26:07,2026-07-01_11-23-38_title_summary_2026-01-01_to_2026-07-01_Sales_Summary_by_Title_1-01-2026_to_1-01-2026.csv,2026-07-01T11:25:28,9fa31e49daa6c83da6df839f3a13afdd653c9721d6986d75c98199c9a8c015ef
Clips4Sale,Chargeback 106267173,Chargeback 106267173,31534051,1,-27.98,-16.79,-27.98,-16.79,lady sublime cake stuffing overeating rapid growth weight gain button popping clips4sale.mov,mov,00:22:10,5746,3840x2160,2025-07-21 10:00:07,2026-07-01_11-23-38_title_summary_2026-01-01_to_2026-07-01_Sales_Summary_by_Title_1-01-2026_to_1-01-2026.csv,2026-07-01T11:25:28,fac0440496171e4ae5e3830f828de35b78bed38be8835b0f4f91c8d4f3d2e087
Clips4Sale,Refund 107467635,Refund 107467635,31325075,4,-63.93,-38.36,-15.98,-9.59,lady sublime ssbbw impregnation fantasy breeding lingerie neighbor roleplay  clips4sale.mov,mov,00:11:14,5694,3840x2160,2025-06-16 22:04:16,2026-07-01_11-23-38_title_summary_2026-01-01_to_2026-07-01_Sales_Summary_by_Title_1-01-2026_to_1-01-2026.csv,2026-07-01T11:25:28,9dd390e8da046cceaf144c2b04b1bb9e74cd82a44a233eb0c455a15e7f1be419
Clips4Sale,Chargeback 106266925,Chargeback 106266925,32593851,3,-69.95,-41.97,-23.32,-13.99,lady_sublime_christmas_fat_chat_pov_fucking_riding_fat_belly_watermark_4k_clips4sale_251227175807.mo,mov,00:23:36,5712,3840x2160,2025-12-27 23:08:20,2026-07-01_11-23-38_title_summary_2026-01-01_to_2026-07-01_Sales_Summary_by_Title_1-01-2026_to_1-01-2026.csv,2026-07-01T11:25:28,4dac1488fa4d00ee89e673f20b0927367b09631bf0932a49c05247d0b14d148f
