canonical_content_id,canonical_title,content_group,listed_platforms,priced_platforms,c4s_price,manyvids_price,curvage_price,modelcentro_price,min_price,max_price,price_spread,price_status,coverage_note,source_rows,source
Video 0062,50 Wing Binge,Video,"Clips4Sale, ManyVids, ModelCentro","C4S, ManyVids, MC Clipstore",$24.99,$4.99,,$19.99,4.99,24.99,20.0,Price spread,Missing Curvage; OnlyFans omitted pending stronger title dedupe,4,private_content_mapping.csv
Video 0213,Jiggly Fatty Struts for You,Video,"Clips4Sale, Curvage, ModelCentro","C4S, Curvage",$18.99,,$4.99,,4.99,18.99,14.0,Price spread,"Missing ManyVids, MC Clipstore; OnlyFans omitted pending stronger title dedupe",3,private_content_mapping.csv
Video 0232,Your Wife Accidentally Gains,Video,"Clips4Sale, Curvage, ManyVids, ModelCentro","C4S, ManyVids, Curvage",$24.99,$21.99,$13.99,,13.99,24.99,11.0,Price spread,Missing MC Clipstore; OnlyFans omitted pending stronger title dedupe,4,private_content_mapping.csv
Video 0192,Fatty Chugs Three Large Milkshakes,Video,"Clips4Sale, Curvage, ManyVids, ModelCentro","C4S, ManyVids, Curvage, MC Clipstore",$26.99,$16.99,$21.99,$16.99,16.99,26.99,10.0,Price spread,OnlyFans omitted pending stronger title dedupe,5,private_content_mapping.csv
Video 0065,Creeping on my Camshow,Video,"Clips4Sale, ManyVids, ModelCentro","C4S, ManyVids, MC Clipstore",$14.99,$4.99,,$14.99,4.99,14.99,10.0,Price spread,Missing Curvage; OnlyFans omitted pending stronger title dedupe,4,private_content_mapping.csv
Video 0054,Devouring Powdered Donuts,Video,"Clips4Sale, ManyVids, ModelCentro","C4S, ManyVids, MC Clipstore",$14.99,$4.99,,$14.99,4.99,14.99,10.0,Price spread,Missing Curvage; OnlyFans omitted pending stronger title dedupe,4,private_content_mapping.csv
Video 0085,Trying On My Too-Small Clothes,Video,"Clips4Sale, ManyVids, ModelCentro","C4S, ManyVids, MC Clipstore",$22.99,$12.99,,$12.99,12.99,22.99,10.0,Price spread,Missing Curvage; OnlyFans omitted pending stronger title dedupe,4,private_content_mapping.csv
Video 0061,Fuck Me POV,Video,"ManyVids, ModelCentro","ManyVids, MC Clipstore",,$4.99,,$14.99,4.99,14.99,10.0,Price spread,"Missing C4S, Curvage; OnlyFans omitted pending stronger title dedupe",3,private_content_mapping.csv
Video 0063,Juicy Pussy Play,Video,"ManyVids, ModelCentro","ManyVids, MC Clipstore",,$4.99,,$14.99,4.99,14.99,10.0,Price spread,"Missing C4S, Curvage; OnlyFans omitted pending stronger title dedupe",3,private_content_mapping.csv
Video 0066,BBW Bubble Bath,Video,"Clips4Sale, ManyVids, ModelCentro","C4S, ManyVids, MC Clipstore",$13.99,$4.99,,$13.99,4.99,13.99,9.0,Price spread,Missing Curvage; OnlyFans omitted pending stronger title dedupe,4,private_content_mapping.csv
Video 0077,BBW Twerks and Fucks With Toy,Video,"Clips4Sale, ManyVids, ModelCentro","C4S, ManyVids, MC Clipstore",$13.99,$4.99 | $13.99,,$12.99,4.99,13.99,9.0,Price spread,Missing Curvage; OnlyFans omitted pending stronger title dedupe,4,private_content_mapping.csv
Video 0237,Horny SSBBW Jiggles for Your Cum,Video,"Clips4Sale, Curvage, ManyVids","C4S, ManyVids, Curvage",$17.99,$17.99,$8.99,,8.99,17.99,9.0,Price spread,Missing MC Clipstore; OnlyFans omitted pending stronger title dedupe,3,private_content_mapping.csv
Video 0211,Room Service Stuffing,Video,"Clips4Sale, Curvage, ManyVids, ModelCentro","C4S, ManyVids, Curvage",$26.99,$17.99,$21.99,,17.99,26.99,9.0,Price spread,Missing MC Clipstore; OnlyFans omitted pending stronger title dedupe,4,private_content_mapping.csv
Video 0044,Slick and Shiny Oil Play (Full),Video,"Clips4Sale, ManyVids, ModelCentro","C4S, ManyVids, MC Clipstore",$12.99,$3.99 | $7.99,,$12.99 | $8.99,3.99,12.99,9.0,Price spread,Missing Curvage; OnlyFans omitted pending stronger title dedupe,4,private_content_mapping.csv
Video 0289,Best Friend's Mom Teases You,Video,"Clips4Sale, Curvage, ManyVids, ModelCentro","C4S, ManyVids, Curvage",$27.99,$27.99,$19.99,,19.99,27.99,8.0,Price spread,Missing MC Clipstore; OnlyFans omitted pending stronger title dedupe,4,private_content_mapping.csv
Video 0283,HR Fatty Makes You Her Feeder POV,Video,"Clips4Sale, Curvage, ManyVids, ModelCentro","C4S, ManyVids, Curvage",$19.99,$19.99,$11.99,,11.99,19.99,8.0,Price spread,Missing MC Clipstore; OnlyFans omitted pending stronger title dedupe,4,private_content_mapping.csv
Video 0056,Chubby Squirting Pussy,Video,"ManyVids, ModelCentro","ManyVids, MC Clipstore",,$4.99,,$12.99,4.99,12.99,8.0,Price spread,"Missing C4S, Curvage; OnlyFans omitted pending stronger title dedupe",3,private_content_mapping.csv
Video 0204,SSBBW Babe Gobbles Entire Pie,Video,"Clips4Sale, Curvage, ManyVids, ModelCentro","C4S, ManyVids, Curvage, MC Clipstore",$23.99,$23.99,$16.99,$16.99,16.99,23.99,7.0,Price spread,OnlyFans omitted pending stronger title dedupe,5,private_content_mapping.csv
Video 0183,Hot Fatty Stuffs a Dozen Ice Cream Sandwiches,Video,"Clips4Sale, Curvage, ManyVids","C4S, ManyVids, Curvage",$15.99,$15.99,$8.99,,8.99,15.99,7.0,Price spread,Missing MC Clipstore; OnlyFans omitted pending stronger title dedupe,3,private_content_mapping.csv
Video 0064,Oiled-Up Bouncing,Video,"Clips4Sale, ManyVids, ModelCentro","C4S, ManyVids, MC Clipstore",$11.99,$4.99,,$11.99,4.99,11.99,7.0,Price spread,Missing Curvage; OnlyFans omitted pending stronger title dedupe,4,private_content_mapping.csv
Video 0058,Begging for Your Cock,Video,"ManyVids, ModelCentro","ManyVids, MC Clipstore",,$4.99,,$11.99,4.99,11.99,7.0,Price spread,"Missing C4S, Curvage; OnlyFans omitted pending stronger title dedupe",3,private_content_mapping.csv
Video 0052,Bouncing Twerking and Grinding,Video,"ManyVids, ModelCentro","ManyVids, MC Clipstore",,$4.99,,$11.99,4.99,11.99,7.0,Price spread,"Missing C4S, Curvage; OnlyFans omitted pending stronger title dedupe",3,private_content_mapping.csv
Video 0206,Bigger Than You Tease Part 2,Video,"Clips4Sale, Curvage, ManyVids, ModelCentro","C4S, ManyVids, Curvage",$16.99,$16.99,$10.99,,10.99,16.99,6.0,Price spread,Missing MC Clipstore; OnlyFans omitted pending stronger title dedupe,4,private_content_mapping.csv
Video 0059,Not in Kansas,Video,"Clips4Sale, ManyVids, ModelCentro","C4S, ManyVids, MC Clipstore",$10.99,$4.99,,$9.99,4.99,10.99,6.0,Price spread,Missing Curvage; OnlyFans omitted pending stronger title dedupe,4,private_content_mapping.csv
Video 0131,Rose Quartz in my Wet Pussy,Video,"Clips4Sale, ManyVids, ModelCentro","C4S, ManyVids, MC Clipstore",$21.99,$15.99,,$15.99,15.99,21.99,6.0,Price spread,Missing Curvage; OnlyFans omitted pending stronger title dedupe,4,private_content_mapping.csv
Video 0181,SSBBW Ass Worship in Thong and Tights,Video,"Clips4Sale, ManyVids, ModelCentro","C4S, ManyVids, MC Clipstore",$21.99,$15.99,,$15.99,15.99,21.99,6.0,Price spread,Missing Curvage; OnlyFans omitted pending stronger title dedupe,4,private_content_mapping.csv
Video 0057,Touring My Fat Jiggly Body,Video,"Clips4Sale, ManyVids, ModelCentro","C4S, ManyVids, MC Clipstore",$10.99,$4.99,,$10.99,4.99,10.99,6.0,Price spread,Missing Curvage; OnlyFans omitted pending stronger title dedupe,4,private_content_mapping.csv
Video 0197,Worship My Fat SSBBW Body,Video,"Clips4Sale, ManyVids, ModelCentro","C4S, ManyVids, MC Clipstore",$22.99,$16.99,,$16.99,16.99,22.99,6.0,Price spread,Missing Curvage; OnlyFans omitted pending stronger title dedupe,4,private_content_mapping.csv
Video 0189,Measuring and Weighing my Massive SSBBW Body,Video,"Clips4Sale, Curvage, ManyVids, ModelCentro","C4S, ManyVids, Curvage, MC Clipstore",$22.99,$19.99,$17.99,$19.99,17.99,22.99,5.0,Price spread,OnlyFans omitted pending stronger title dedupe,5,private_content_mapping.csv
Video 0055,65 Inch Ass Worship,Video,"Clips4Sale, ManyVids, ModelCentro","C4S, ManyVids, MC Clipstore",$9.99,$4.99,,$9.99,4.99,9.99,5.0,Price spread,Missing Curvage; OnlyFans omitted pending stronger title dedupe,4,private_content_mapping.csv
Video 0186,Chair Breaking Under Huge SSBBW,Video,"Clips4Sale, Curvage, ManyVids","C4S, ManyVids, Curvage",$24.99,$19.99,$19.99,,19.99,24.99,5.0,Price spread,Missing MC Clipstore; OnlyFans omitted pending stronger title dedupe,3,private_content_mapping.csv
Video 0134,Clit Pumped and Vibing,Video,"Clips4Sale, ManyVids, ModelCentro","C4S, ManyVids, MC Clipstore",$22.99,$17.99,,$17.99,17.99,22.99,5.0,Price spread,Missing Curvage; OnlyFans omitted pending stronger title dedupe,4,private_content_mapping.csv
Video 0280,Ex GF Got Fat - Holiday Hookup,Video,"Clips4Sale, Curvage, ManyVids, ModelCentro","C4S, ManyVids, Curvage",$21.99,$21.99,$16.99,,16.99,21.99,5.0,Price spread,Missing MC Clipstore; OnlyFans omitted pending stronger title dedupe,4,private_content_mapping.csv
Video 0196,Fat Fitness Instructor Causes Shaking,Video,"Clips4Sale, Curvage, ManyVids","C4S, ManyVids, Curvage",$13.99,$13.99,$8.99,,8.99,13.99,5.0,Price spread,Missing MC Clipstore; OnlyFans omitted pending stronger title dedupe,3,private_content_mapping.csv
Video 0178,Greedy pig devours KFC!,Video,"Clips4Sale, Curvage, ManyVids","C4S, ManyVids, Curvage",$17.99,$17.99,$12.99,,12.99,17.99,5.0,Price spread,Missing MC Clipstore; OnlyFans omitted pending stronger title dedupe,3,private_content_mapping.csv
Video 0175,SSBBW Catwalk in Skinny Jeans and Heels,Video,"Clips4Sale, ManyVids, ModelCentro","C4S, ManyVids, MC Clipstore",$20.99,$20.99,,$15.99,15.99,20.99,5.0,Price spread,Missing Curvage; OnlyFans omitted pending stronger title dedupe,3,private_content_mapping.csv
Video 0141,Very Berry Body Tease - Ripe Series vol. 2,Video,"Clips4Sale, ManyVids, ModelCentro","C4S, ManyVids, MC Clipstore",$20.99,$15.99,,$15.99,15.99,20.99,5.0,Price spread,Missing Curvage; OnlyFans omitted pending stronger title dedupe,4,private_content_mapping.csv
Video 0223,Growing SSBBW Stuffs 5000 Calories While Sitting on You POV 🤤🌮,Video,"Clips4Sale, Curvage, ModelCentro","C4S, Curvage",$24.99,,$19.99,,19.99,24.99,5.0,Price spread,"Missing ManyVids, MC Clipstore; OnlyFans omitted pending stronger title dedupe",3,private_content_mapping.csv
Video 0050,Jack Off To My Fat,Video,"ManyVids, ModelCentro","ManyVids, MC Clipstore",,$4.99,,$9.99,4.99,9.99,5.0,Price spread,"Missing C4S, Curvage; OnlyFans omitted pending stronger title dedupe",3,private_content_mapping.csv
Video 0225,Squirting on the First Date,Video,"Clips4Sale, ManyVids, ModelCentro","C4S, ManyVids",$26.99,$21.99,,,21.99,26.99,5.0,Price spread,"Missing Curvage, MC Clipstore; OnlyFans omitted pending stronger title dedupe",3,private_content_mapping.csv
Video 0202,BBW Struts and Jiggles Out of My Jeans,Video,"Clips4Sale, ManyVids, ModelCentro","C4S, ManyVids, MC Clipstore",$18.99,$14.99,,$14.99,14.99,18.99,4.0,Price spread,Missing Curvage; OnlyFans omitted pending stronger title dedupe,4,private_content_mapping.csv
Video 0177,Fat Dom GF Makes you Clean Sweaty Ass and Pussy,Video,"Clips4Sale, ManyVids, ModelCentro","C4S, ManyVids, MC Clipstore",$15.99,$15.99,,$11.99,11.99,15.99,4.0,Price spread,Missing Curvage; OnlyFans omitted pending stronger title dedupe,3,private_content_mapping.csv
Video 0187,Fat Girl Walks in Sexy Black Bodystocking,Video,"Clips4Sale, ManyVids, ModelCentro","C4S, ManyVids, MC Clipstore",$18.99,$14.99,,$14.99,14.99,18.99,4.0,Price spread,Missing Curvage; OnlyFans omitted pending stronger title dedupe,4,private_content_mapping.csv
Video 0260,Gaining for Daddy,Video,"Clips4Sale, Curvage, ManyVids, ModelCentro","C4S, ManyVids, Curvage",$23.99,$23.99,$19.99,,19.99,23.99,4.0,Price spread,Missing MC Clipstore; OnlyFans omitted pending stronger title dedupe,4,private_content_mapping.csv
Video 0216,Horny SSBBW Succubus Grows for Your Cum POV,Video,"Clips4Sale, Curvage, ManyVids","C4S, ManyVids, Curvage",$18.99,$18.99,$14.99,,14.99,18.99,4.0,Price spread,Missing MC Clipstore; OnlyFans omitted pending stronger title dedupe,3,private_content_mapping.csv
Video 0224,Jiggling SSBBW Working Out in Lingerie,Video,"Clips4Sale, Curvage, ManyVids","C4S, ManyVids, Curvage",$16.99,$16.99,$12.99,,12.99,16.99,4.0,Price spread,Missing MC Clipstore; OnlyFans omitted pending stronger title dedupe,3,private_content_mapping.csv
Video 0205,Jiggly Bodystocking Workout,Video,"Clips4Sale, ManyVids, ModelCentro","C4S, ManyVids, MC Clipstore",$16.99,$16.99,,$12.99,12.99,16.99,4.0,Price spread,Missing Curvage; OnlyFans omitted pending stronger title dedupe,4,private_content_mapping.csv
Video 0122,Persimmon Season - Ripe Series vol. 1,Video,"Clips4Sale, ManyVids, ModelCentro","C4S, ManyVids, MC Clipstore",$19.99,$15.99,,$15.99,15.99,19.99,4.0,Price spread,Missing Curvage; OnlyFans omitted pending stronger title dedupe,4,private_content_mapping.csv
Video 0160,Side-view Sucking and Riding,Video,"Clips4Sale, ManyVids, ModelCentro","C4S, ManyVids, MC Clipstore",$12.99,$12.99,,$8.99,8.99,12.99,4.0,Price spread,Missing Curvage; OnlyFans omitted pending stronger title dedupe,4,private_content_mapping.csv
Video 0194,SSBBW Car Struggles and Topless Driving,Video,"Clips4Sale, Curvage, ManyVids","C4S, ManyVids, Curvage",$20.99,$20.99,$16.99,,16.99,20.99,4.0,Price spread,Missing MC Clipstore; OnlyFans omitted pending stronger title dedupe,3,private_content_mapping.csv
Video 0184,SSBBW Shiny Slippery Oil Play,Video,"Clips4Sale, ManyVids, ModelCentro","C4S, ManyVids, MC Clipstore",$20.99,$16.99,,$16.99,16.99,20.99,4.0,Price spread,Missing Curvage; OnlyFans omitted pending stronger title dedupe,4,private_content_mapping.csv
Video 0229,Unaware SSBBW Smokes and Outgrows Clothes,Video,"Clips4Sale, Curvage, ManyVids, ModelCentro","C4S, ManyVids, Curvage",$16.99,$16.99,$12.99,,12.99,16.99,4.0,Price spread,Missing MC Clipstore; OnlyFans omitted pending stronger title dedupe,4,private_content_mapping.csv
Video 0233,Your Fave Hookup Got Fat,Video,"Clips4Sale, Curvage, ManyVids, ModelCentro","C4S, ManyVids, Curvage",$20.99,$20.99,$16.99,,16.99,20.99,4.0,Price spread,Missing MC Clipstore; OnlyFans omitted pending stronger title dedupe,4,private_content_mapping.csv
Video 0080,Cum in My Hairy Pussy,Video,"ManyVids, ModelCentro","ManyVids, MC Clipstore",,$5.99,,$9.99,5.99,9.99,4.0,Price spread,"Missing C4S, Curvage; OnlyFans omitted pending stronger title dedupe",3,private_content_mapping.csv
Video 0099,Fattened Up For Master Part II,Video,"ManyVids, ModelCentro","ManyVids, MC Clipstore",,$19.99,,$15.99,15.99,19.99,4.0,Price spread,"Missing C4S, Curvage; OnlyFans omitted pending stronger title dedupe",3,private_content_mapping.csv
Video 0174,Bouncing on Your Cock,Video,"Clips4Sale, ManyVids, ModelCentro","C4S, ManyVids, MC Clipstore",$13.99,$13.99,,$10.99,10.99,13.99,3.0,Price spread,Missing Curvage; OnlyFans omitted pending stronger title dedupe,4,private_content_mapping.csv
Video 0227,Cuckolded By Your Feedee Girlfriend,Video,"Clips4Sale, Curvage, ManyVids, ModelCentro","C4S, ManyVids, Curvage",$15.99,$15.99,$12.99,,12.99,15.99,3.0,Price spread,Missing MC Clipstore; OnlyFans omitted pending stronger title dedupe,4,private_content_mapping.csv
Video 0149,Dripping On Your Face,Video,"Clips4Sale, ManyVids, ModelCentro","C4S, ManyVids, MC Clipstore",$13.99,$13.99,,$10.99,10.99,13.99,3.0,Price spread,Missing Curvage; OnlyFans omitted pending stronger title dedupe,4,private_content_mapping.csv
Video 0096,Fattened Up For Master,Video,"Clips4Sale, ManyVids, ModelCentro","C4S, ManyVids, MC Clipstore",$22.99,$19.99,,$19.99,19.99,22.99,3.0,Price spread,Missing Curvage; OnlyFans omitted pending stronger title dedupe,4,private_content_mapping.csv
Video 0123,Getting Naughty at the Airbnb,Video,"Clips4Sale, ManyVids, ModelCentro","C4S, ManyVids, MC Clipstore",$11.99,$11.99,,$8.99,8.99,11.99,3.0,Price spread,Missing Curvage; OnlyFans omitted pending stronger title dedupe,4,private_content_mapping.csv
Video 0158,Hiding from the Holiday Party,Video,"Clips4Sale, ManyVids, ModelCentro","C4S, ManyVids, MC Clipstore",$13.99,$13.99,,$10.99,10.99,13.99,3.0,Price spread,Missing Curvage; OnlyFans omitted pending stronger title dedupe,4,private_content_mapping.csv
Video 0159,Jean Shorts Face-Sitting,Video,"Clips4Sale, ManyVids, ModelCentro","C4S, ManyVids, MC Clipstore",$10.99,$10.99,,$7.99,7.99,10.99,3.0,Price spread,Missing Curvage; OnlyFans omitted pending stronger title dedupe,4,private_content_mapping.csv
Video 0157,Jumping on the Squeaky Bed,Video,"Clips4Sale, ManyVids, ModelCentro","C4S, ManyVids, MC Clipstore",$12.99,$12.99,,$9.99,9.99,12.99,3.0,Price spread,Missing Curvage; OnlyFans omitted pending stronger title dedupe,4,private_content_mapping.csv
Video 0190,Oiled Up Fatty Does Naked Workout,Video,"Clips4Sale, ManyVids, ModelCentro","C4S, ManyVids, MC Clipstore",$16.99,$13.99,,$13.99,13.99,16.99,3.0,Price spread,Missing Curvage; OnlyFans omitted pending stronger title dedupe,4,private_content_mapping.csv
Video 0139,Oiling Up My Fat,Video,"Clips4Sale, ManyVids, ModelCentro","C4S, ManyVids, MC Clipstore",$16.99,$16.99,,$13.99,13.99,16.99,3.0,Price spread,Missing Curvage; OnlyFans omitted pending stronger title dedupe,4,private_content_mapping.csv
Video 0130,Riding Your Face and Your Cock POV,Video,"Clips4Sale, ManyVids, ModelCentro","C4S, ManyVids, MC Clipstore",$13.99,$13.99,,$10.99,10.99,13.99,3.0,Price spread,Missing Curvage; OnlyFans omitted pending stronger title dedupe,4,private_content_mapping.csv
Video 0087,Slow Motion Fat Belly Bouncing,Video,"Curvage, ManyVids, ModelCentro","ManyVids, Curvage, MC Clipstore",,$5.99,$8.99,$7.99,5.99,8.99,3.0,Price spread,Missing C4S; OnlyFans omitted pending stronger title dedupe,4,private_content_mapping.csv
Video 0145,Spread and Begging for Anal,Video,"Clips4Sale, ManyVids, ModelCentro","C4S, ManyVids, MC Clipstore",$13.99,$13.99,,$10.99,10.99,13.99,3.0,Price spread,Missing Curvage; OnlyFans omitted pending stronger title dedupe,4,private_content_mapping.csv
Video 0133,Squirting Dildo Riding and Facial Cumshot,Video,"Clips4Sale, ManyVids, ModelCentro","C4S, ManyVids, MC Clipstore",$12.99,$12.99,,$9.99,9.99,12.99,3.0,Price spread,Missing Curvage; OnlyFans omitted pending stronger title dedupe,4,private_content_mapping.csv
Video 0207,SSBBW Gets Stuck in the Doorway,Video,"Clips4Sale, Curvage, ManyVids","C4S, ManyVids, Curvage",$16.99,$16.99,$13.99,,13.99,16.99,3.0,Price spread,Missing MC Clipstore; OnlyFans omitted pending stronger title dedupe,3,private_content_mapping.csv
Video 0195,SSBBW Loves Being Bigger Than You,Video,"Clips4Sale, ManyVids, ModelCentro","C4S, ManyVids, MC Clipstore",$17.99,$14.99,,$14.99,14.99,17.99,3.0,Price spread,Missing Curvage; OnlyFans omitted pending stronger title dedupe,4,private_content_mapping.csv
Video 0188,SSBBW Solo POV BJ and Fuck,Video,"Clips4Sale, ManyVids, ModelCentro","C4S, ManyVids, MC Clipstore",$16.99,$13.99,,$13.99,13.99,16.99,3.0,Price spread,Missing Curvage; OnlyFans omitted pending stronger title dedupe,4,private_content_mapping.csv
Video 0180,SSBBW Stuffing Donuts Pussy Play and JOI,Video,"Clips4Sale, ManyVids, ModelCentro","C4S, ManyVids, MC Clipstore",$18.99,$15.99,,$15.99,15.99,18.99,3.0,Price spread,Missing Curvage; OnlyFans omitted pending stronger title dedupe,4,private_content_mapping.csv
Video 0179,SSBBW Workout Struggle in Lingerie,Video,"Clips4Sale, ManyVids, ModelCentro","C4S, ManyVids, MC Clipstore",$17.99,$14.99,,$16.99,14.99,17.99,3.0,Price spread,Missing Curvage; OnlyFans omitted pending stronger title dedupe,4,private_content_mapping.csv
Video 0129,Video Chat with Horny GF (Vertical Video),Video,"Clips4Sale, ManyVids, ModelCentro","C4S, ManyVids, MC Clipstore",$8.99,$11.99,,$8.99,8.99,11.99,3.0,Price spread,Missing Curvage; OnlyFans omitted pending stronger title dedupe,4,private_content_mapping.csv
Video 0201,Witch's Brew,Video,"Clips4Sale, ManyVids, ModelCentro","C4S, ManyVids, MC Clipstore",$15.99,$15.99,,$12.99,12.99,15.99,3.0,Price spread,Missing Curvage; OnlyFans omitted pending stronger title dedupe,4,private_content_mapping.csv
Video 0193,Fat Girl Struts in Black Lace Romper,Video,"Clips4Sale, ManyVids","C4S, ManyVids",$17.99,$14.99,,,14.99,17.99,3.0,Price spread,"Missing Curvage, MC Clipstore; OnlyFans omitted pending stronger title dedupe",2,private_content_mapping.csv
Video 0185,Fatty Catwalks in Black Skinny Jeans,Video,"Clips4Sale, ManyVids","C4S, ManyVids",$18.99,$15.99,,,15.99,18.99,3.0,Price spread,"Missing Curvage, MC Clipstore; OnlyFans omitted pending stronger title dedupe",2,private_content_mapping.csv
Video 0234,Fucking My Creamy Fat Pussy,Video,"Clips4Sale, ManyVids, ModelCentro","C4S, ManyVids",$14.99,$11.99,,,11.99,14.99,3.0,Price spread,"Missing Curvage, MC Clipstore; OnlyFans omitted pending stronger title dedupe",3,private_content_mapping.csv
Video 0200,Gaining Cheerleader Girlfriend,Video,"Clips4Sale, ModelCentro","C4S, MC Clipstore",$20.99,,,$17.99,17.99,20.99,3.0,Price spread,"Missing ManyVids, Curvage; OnlyFans omitted pending stronger title dedupe",3,private_content_mapping.csv
Video 0236,Teasing You in My Mini Skirt,Video,"Clips4Sale, ManyVids, ModelCentro","C4S, ManyVids",$13.99,$10.99,,,10.99,13.99,3.0,Price spread,"Missing Curvage, MC Clipstore; OnlyFans omitted pending stronger title dedupe",3,private_content_mapping.csv
Video 0171,Milkshake and Soda Bloated Belly Belching,Video,"Clips4Sale, Curvage, ManyVids, ModelCentro","C4S, ManyVids, Curvage, MC Clipstore",$12.99,$12.99,$10.99,$10.99,10.99,12.99,2.0,Price spread,OnlyFans omitted pending stronger title dedupe,4,private_content_mapping.csv
Video 0136,BBW Slow Sensual Pole Dance,Video,"Clips4Sale, ManyVids, ModelCentro","C4S, ManyVids, MC Clipstore",$12.99,$12.99,,$10.99,10.99,12.99,2.0,Price spread,Missing Curvage; OnlyFans omitted pending stronger title dedupe,4,private_content_mapping.csv
Video 0242,Crawling Back to Your Fat Mistress,Video,"Clips4Sale, Curvage, ManyVids, ModelCentro","C4S, ManyVids, Curvage",$12.99,$12.99,$10.99,,10.99,12.99,2.0,Price spread,Missing MC Clipstore; OnlyFans omitted pending stronger title dedupe,4,private_content_mapping.csv
Video 0126,Creampie My Pussy,Video,"Clips4Sale, ManyVids, ModelCentro","C4S, ManyVids, MC Clipstore",$16.99,$16.99,,$14.99,14.99,16.99,2.0,Price spread,Missing Curvage; OnlyFans omitted pending stronger title dedupe,4,private_content_mapping.csv
Video 0142,Cumming is the Best Exercise,Video,"Clips4Sale, ManyVids, ModelCentro","C4S, ManyVids, MC Clipstore",$12.99,$12.99,,$10.99,10.99,12.99,2.0,Price spread,Missing Curvage; OnlyFans omitted pending stronger title dedupe,4,private_content_mapping.csv
Video 0147,Donut Stuffing and Glass Dildo Riding,Video,"Clips4Sale, ManyVids, ModelCentro","C4S, ManyVids, MC Clipstore",$13.99,$13.99,,$11.99,11.99,13.99,2.0,Price spread,Missing Curvage; OnlyFans omitted pending stronger title dedupe,4,private_content_mapping.csv
Video 0154,Fat Bouncing in the Shower,Video,"Clips4Sale, ManyVids, ModelCentro","C4S, ManyVids, MC Clipstore",$12.99,$12.99,,$10.99,10.99,12.99,2.0,Price spread,Missing Curvage; OnlyFans omitted pending stronger title dedupe,4,private_content_mapping.csv
Video 0127,Fat Chat Gets Me Hot,Video,"Clips4Sale, ManyVids, ModelCentro","C4S, ManyVids, MC Clipstore",$11.99,$11.99,,$9.99,9.99,11.99,2.0,Price spread,Missing Curvage; OnlyFans omitted pending stronger title dedupe,4,private_content_mapping.csv
Video 0132,Fat Clapping in the Mirror,Video,"Clips4Sale, ManyVids, ModelCentro","C4S, ManyVids, MC Clipstore",$12.99,$12.99,,$10.99,10.99,12.99,2.0,Price spread,Missing Curvage; OnlyFans omitted pending stronger title dedupe,4,private_content_mapping.csv
Video 0173,Fatty Catwalks in Blue Lace and Heels,Video,"Clips4Sale, ManyVids, ModelCentro","C4S, ManyVids, MC Clipstore",$18.99,$16.99,,$16.99,16.99,18.99,2.0,Price spread,Missing Curvage; OnlyFans omitted pending stronger title dedupe,3,private_content_mapping.csv
Video 0146,Feedee BBW Wants to Stop Gaining POV,Video,"Clips4Sale, ManyVids, ModelCentro","C4S, ManyVids, MC Clipstore",$17.99,$15.99,,$15.99,15.99,17.99,2.0,Price spread,Missing Curvage; OnlyFans omitted pending stronger title dedupe,4,private_content_mapping.csv
Video 0203,Friends With Benefits,Video,"Clips4Sale, ManyVids, ModelCentro","C4S, ManyVids, MC Clipstore",$16.99,$16.99,,$14.99,14.99,16.99,2.0,Price spread,Missing Curvage; OnlyFans omitted pending stronger title dedupe,4,private_content_mapping.csv
Video 0155,Horny Novel Makes Me Touch Myself,Video,"Clips4Sale, ManyVids, ModelCentro","C4S, ManyVids, MC Clipstore",$16.99,$16.99,,$14.99,14.99,16.99,2.0,Price spread,Missing Curvage; OnlyFans omitted pending stronger title dedupe,4,private_content_mapping.csv
Video 0148,Masturbating Together,Video,"Clips4Sale, ManyVids, ModelCentro","C4S, ManyVids, MC Clipstore",$16.99,$16.99,,$14.99,14.99,16.99,2.0,Price spread,Missing Curvage; OnlyFans omitted pending stronger title dedupe,4,private_content_mapping.csv
Video 0162,POV Morning Sex,Video,"Clips4Sale, ManyVids, ModelCentro","C4S, ManyVids, MC Clipstore",$12.99,$12.99,,$10.99,10.99,12.99,2.0,Price spread,Missing Curvage; OnlyFans omitted pending stronger title dedupe,4,private_content_mapping.csv
Video 0182,SSBBW Lingerie Tease and JOI w Countdown,Video,"Clips4Sale, ManyVids, ModelCentro","C4S, ManyVids, MC Clipstore",$16.99,$14.99,,$14.99,14.99,16.99,2.0,Price spread,Missing Curvage; OnlyFans omitted pending stronger title dedupe,4,private_content_mapping.csv
Video 0143,Stripper Lets You Fuck in VIP - POV solo,Video,"Clips4Sale, ManyVids, ModelCentro","C4S, ManyVids, MC Clipstore",$12.99,$12.99,,$10.99,10.99,12.99,2.0,Price spread,Missing Curvage; OnlyFans omitted pending stronger title dedupe,4,private_content_mapping.csv
Video 0176,Stuffing My Face with Fast Food,Video,"Clips4Sale, Curvage, ManyVids, ModelCentro","C4S, ManyVids, Curvage",$18.99,$16.99,$16.99,,16.99,18.99,2.0,Price spread,Missing MC Clipstore; OnlyFans omitted pending stronger title dedupe,4,private_content_mapping.csv
Video 0144,Sweaty Fatty Makes You Lick Her Crevices,Video,"Clips4Sale, ManyVids, ModelCentro","C4S, ManyVids, MC Clipstore",$16.99,$16.99,,$14.99,14.99,16.99,2.0,Price spread,Missing Curvage; OnlyFans omitted pending stronger title dedupe,3,private_content_mapping.csv
Video 0191,Tight Clothes Make Growing SSBBW Horny,Video,"Clips4Sale, ManyVids, ModelCentro","C4S, ManyVids, MC Clipstore",$15.99,$15.99,,$13.99,13.99,15.99,2.0,Price spread,Missing Curvage; OnlyFans omitted pending stronger title dedupe,4,private_content_mapping.csv
Video 0169,BBW Bra Changing JOI w/ Cum Countdown,Video,"Clips4Sale, ManyVids","C4S, ManyVids",$18.99,$16.99,,,16.99,18.99,2.0,Price spread,"Missing Curvage, MC Clipstore; OnlyFans omitted pending stronger title dedupe",2,private_content_mapping.csv
Video 0244,Impregnation Fantasy Chat,Video,"Clips4Sale, Curvage, ModelCentro","C4S, Curvage",$14.99,,$12.99,,12.99,14.99,2.0,Price spread,"Missing ManyVids, MC Clipstore; OnlyFans omitted pending stronger title dedupe",3,private_content_mapping.csv
Video 0138,Ball Gag Pussy Play,Video,"Clips4Sale, ManyVids, ModelCentro","C4S, ManyVids, MC Clipstore",$14.99,$14.99,,$13.99,13.99,14.99,1.0,Price spread,Missing Curvage; OnlyFans omitted pending stronger title dedupe,4,private_content_mapping.csv
Video 0128,BBW Striptease and Lapdance POV,Video,"Clips4Sale, ManyVids, ModelCentro","C4S, ManyVids, MC Clipstore",$12.99,$11.99,,$11.99,11.99,12.99,1.0,Price spread,Missing Curvage; OnlyFans omitted pending stronger title dedupe,4,private_content_mapping.csv
Video 0117,Cozy Winter Pussy Play,Video,"Clips4Sale, ManyVids, ModelCentro","C4S, ManyVids, MC Clipstore",$8.99,$7.99,,$7.99,7.99,8.99,1.0,Price spread,Missing Curvage; OnlyFans omitted pending stronger title dedupe,4,private_content_mapping.csv
Video 0140,Dildo Fucking My Wet and Drippy Pussy,Video,"Clips4Sale, ManyVids, ModelCentro","C4S, ManyVids, MC Clipstore",$16.99,$16.99,,$15.99,15.99,16.99,1.0,Price spread,Missing Curvage; OnlyFans omitted pending stronger title dedupe,4,private_content_mapping.csv
Video 0135,Fat Jiggly Ass,Video,"Clips4Sale, ManyVids, ModelCentro","C4S, ManyVids, MC Clipstore",$10.99,$10.99,,$9.99,9.99,10.99,1.0,Price spread,Missing Curvage; OnlyFans omitted pending stronger title dedupe,4,private_content_mapping.csv
Video 0150,Fat Naked Yoga,Video,"Clips4Sale, ManyVids, ModelCentro","C4S, ManyVids, MC Clipstore",$13.99,$12.99,,$12.99,12.99,13.99,1.0,Price spread,Missing Curvage; OnlyFans omitted pending stronger title dedupe,4,private_content_mapping.csv
Video 0153,Fat Party Girl Gets the Wrong Room,Video,"Clips4Sale, ManyVids, ModelCentro","C4S, ManyVids, MC Clipstore",$12.99,$11.99,,$11.99,11.99,12.99,1.0,Price spread,Missing Curvage; OnlyFans omitted pending stronger title dedupe,4,private_content_mapping.csv
Video 0151,Fat Tease and Fucking,Video,"Clips4Sale, ManyVids, ModelCentro","C4S, ManyVids, MC Clipstore",$13.99,$13.99,,$12.99,12.99,13.99,1.0,Price spread,Missing Curvage; OnlyFans omitted pending stronger title dedupe,4,private_content_mapping.csv
Video 0152,Feeling Myself in the Mirror,Video,"Clips4Sale, ManyVids, ModelCentro","C4S, ManyVids, MC Clipstore",$16.99,$15.99,,$15.99,15.99,16.99,1.0,Price spread,Missing Curvage; OnlyFans omitted pending stronger title dedupe,4,private_content_mapping.csv
Video 0156,Fuck Me in the Window,Video,"Clips4Sale, ManyVids, ModelCentro","C4S, ManyVids, MC Clipstore",$13.99,$12.99,,$12.99,12.99,13.99,1.0,Price spread,Missing Curvage; OnlyFans omitted pending stronger title dedupe,4,private_content_mapping.csv
Video 0079,Horny Pillow Grinding,Video,"Clips4Sale, ManyVids, ModelCentro","C4S, ManyVids, MC Clipstore",$9.99,$8.99,,$8.99,8.99,9.99,1.0,Price spread,Missing Curvage; OnlyFans omitted pending stronger title dedupe,4,private_content_mapping.csv
Video 0072,Jiggly Catwalk,Video,"Clips4Sale, ManyVids, ModelCentro","C4S, ManyVids, MC Clipstore",$8.99,$7.99,,$8.99,7.99,8.99,1.0,Price spread,Missing Curvage; OnlyFans omitted pending stronger title dedupe,4,private_content_mapping.csv
Video 0163,Kneel and Eat My Fat Pussy,Video,"Clips4Sale, ManyVids, ModelCentro","C4S, ManyVids, MC Clipstore",$16.99,$16.99,,$15.99,15.99,16.99,1.0,Price spread,Missing Curvage; OnlyFans omitted pending stronger title dedupe,4,private_content_mapping.csv
Video 0104,Oiled BBW Slides Naked on Air Mattress,Video,"Clips4Sale, ManyVids, ModelCentro","C4S, ManyVids, MC Clipstore",$11.99,$10.99,,$10.99,10.99,11.99,1.0,Price spread,Missing Curvage; OnlyFans omitted pending stronger title dedupe,4,private_content_mapping.csv
Video 0093,Shower Hidden Camera,Video,"Clips4Sale, ManyVids, ModelCentro","C4S, ManyVids, MC Clipstore",$12.99,$11.99,,$11.99,11.99,12.99,1.0,Price spread,Missing Curvage; OnlyFans omitted pending stronger title dedupe,4,private_content_mapping.csv
Video 0108,Slow Motion Ass Clapping,Video,"Clips4Sale, ManyVids, ModelCentro","C4S, ManyVids, MC Clipstore",$10.99,$9.99,,$9.99,9.99,10.99,1.0,Price spread,Missing Curvage; OnlyFans omitted pending stronger title dedupe,4,private_content_mapping.csv
Video 0094,Smoking and Sensual Rubbing,Video,"Clips4Sale, ManyVids, ModelCentro","C4S, ManyVids, MC Clipstore",$9.99,$8.99,,$8.99,8.99,9.99,1.0,Price spread,Missing Curvage; OnlyFans omitted pending stronger title dedupe,4,private_content_mapping.csv
Video 0091,Snack Cake Stuffing,Video,"Clips4Sale, ManyVids, ModelCentro","C4S, ManyVids, MC Clipstore",$15.99,$14.99,,$14.99,14.99,15.99,1.0,Price spread,Missing Curvage; OnlyFans omitted pending stronger title dedupe,4,private_content_mapping.csv
Video 0170,SSBBW No Hands Cake Stuffing,Video,"Clips4Sale, Curvage, ManyVids, ModelCentro","C4S, ManyVids, Curvage",$13.99,$13.99,$12.99,,12.99,13.99,1.0,Price spread,Missing MC Clipstore; OnlyFans omitted pending stronger title dedupe,4,private_content_mapping.csv
Video 0124,Stroke and Cum Together,Video,"Clips4Sale, ManyVids, ModelCentro","C4S, ManyVids, MC Clipstore",$12.99,$11.99,,$11.99,11.99,12.99,1.0,Price spread,Missing Curvage; OnlyFans omitted pending stronger title dedupe,4,private_content_mapping.csv
Video 0086,Stuffing With Potato Chips,Video,"Clips4Sale, ManyVids, ModelCentro","C4S, ManyVids, MC Clipstore",$8.99,$7.99,,$7.99,7.99,8.99,1.0,Price spread,Missing Curvage; OnlyFans omitted pending stronger title dedupe,4,private_content_mapping.csv
Video 0125,Underwater Body Jiggle,Video,"Clips4Sale, ManyVids, ModelCentro","C4S, ManyVids, MC Clipstore",$13.99,$13.99,,$12.99,12.99,13.99,1.0,Price spread,Missing Curvage; OnlyFans omitted pending stronger title dedupe,4,private_content_mapping.csv
Video 0199,Vibe Until I Cum,Video,"Clips4Sale, ManyVids, ModelCentro","C4S, ManyVids, MC Clipstore",$13.99,$13.99,,$12.99,12.99,13.99,1.0,Price spread,Missing Curvage; OnlyFans omitted pending stronger title dedupe,4,private_content_mapping.csv
Video 0165,BBW Catwalk Bounce and Tease in Heels,Video,"Clips4Sale, ManyVids, ModelCentro","C4S, ManyVids",$17.99,$16.99,,,16.99,17.99,1.0,Price spread,"Missing Curvage, MC Clipstore; OnlyFans omitted pending stronger title dedupe",3,private_content_mapping.csv
Video 0098,Cover You In Cum POV,Video,"Clips4Sale, ModelCentro","C4S, MC Clipstore",$9.99,,,$8.99,8.99,9.99,1.0,Price spread,"Missing ManyVids, Curvage; OnlyFans omitted pending stronger title dedupe",3,private_content_mapping.csv
Video 0257,Cum for My Fat Part 2,Video,"Clips4Sale, ManyVids, ModelCentro","C4S, ManyVids",$17.99,$16.99,,,16.99,17.99,1.0,Price spread,"Missing Curvage, MC Clipstore; OnlyFans omitted pending stronger title dedupe",3,private_content_mapping.csv
Video 0222,Fatter Than the Pictures,Video,"Clips4Sale, ManyVids, ModelCentro","C4S, ManyVids",$16.99,$15.99,,,15.99,16.99,1.0,Price spread,"Missing Curvage, MC Clipstore; OnlyFans omitted pending stronger title dedupe",3,private_content_mapping.csv
Video 0172,Little Black Dress SSBBW Catwalk,Video,"Clips4Sale, ManyVids","C4S, ManyVids",$17.99,$16.99,,,16.99,17.99,1.0,Price spread,"Missing Curvage, MC Clipstore; OnlyFans omitted pending stronger title dedupe",2,private_content_mapping.csv
Video 0068,Netflix and Chill,Video,"ManyVids, ModelCentro","ManyVids, MC Clipstore",,$14.99,,$15.99,14.99,15.99,1.0,Price spread,"Missing C4S, Curvage; OnlyFans omitted pending stronger title dedupe",3,private_content_mapping.csv
Video 0210,Soapy and Dripping SSBBW in the Shower,Video,"Clips4Sale, ManyVids, ModelCentro","C4S, ManyVids",$16.99,$15.99,,,15.99,16.99,1.0,Price spread,"Missing Curvage, MC Clipstore; OnlyFans omitted pending stronger title dedupe",3,private_content_mapping.csv
Video 0168,SSBBW Black Bikini Catwalk in Heels,Video,"Clips4Sale, ManyVids","C4S, ManyVids",$15.99,$14.99,,,14.99,15.99,1.0,Price spread,"Missing Curvage, MC Clipstore; OnlyFans omitted pending stronger title dedupe",2,private_content_mapping.csv
Video 0238,SSBBW Oiled Up Jiggling and Bouncing,Video,"Clips4Sale, ManyVids, ModelCentro","C4S, ManyVids",$20.99,$19.99,,,19.99,20.99,1.0,Price spread,"Missing Curvage, MC Clipstore; OnlyFans omitted pending stronger title dedupe",3,private_content_mapping.csv
Video 0262,Voyeur Watches Me Get Ready,Video,"Clips4Sale, ManyVids, ModelCentro","C4S, ManyVids",$20.99,$21.99,,,20.99,21.99,1.0,Price spread,"Missing Curvage, MC Clipstore; OnlyFans omitted pending stronger title dedupe",3,private_content_mapping.csv
Video 0053,Weight on Your Chest,Video,"Clips4Sale, ModelCentro","C4S, MC Clipstore",$11.99,,,$10.99,10.99,11.99,1.0,Price spread,"Missing ManyVids, Curvage; OnlyFans omitted pending stronger title dedupe",3,private_content_mapping.csv
Video 0264,After-Gym Stuffing,Video,"Clips4Sale, Curvage, ManyVids, ModelCentro","C4S, ManyVids, Curvage",$19.99,$19.99,$19.99,,19.99,19.99,0.0,Mostly aligned,Missing MC Clipstore; OnlyFans omitted pending stronger title dedupe,4,private_content_mapping.csv
Video 0114,Ass Clapping and Dildo Riding,Video,"Clips4Sale, ManyVids, ModelCentro","C4S, ManyVids, MC Clipstore",$10.99,$10.99,,$10.99,10.99,10.99,0.0,Mostly aligned,Missing Curvage; OnlyFans omitted pending stronger title dedupe,4,private_content_mapping.csv
Video 0100,Ass Worship in Tights and Heels,Video,"Clips4Sale, ManyVids, ModelCentro","C4S, ManyVids, MC Clipstore",$10.99,$10.99,,$10.99,10.99,10.99,0.0,Mostly aligned,Missing Curvage; OnlyFans omitted pending stronger title dedupe,4,private_content_mapping.csv
Video 0245,Belly Worship to Keep Your Job,Video,"Clips4Sale, Curvage, ManyVids, ModelCentro","C4S, ManyVids, Curvage",$15.99,$15.99,$15.99,,15.99,15.99,0.0,Mostly aligned,Missing MC Clipstore; OnlyFans omitted pending stronger title dedupe,4,private_content_mapping.csv
Video 0259,Boyfriend Gets Vored,Video,"Clips4Sale, Curvage, ManyVids, ModelCentro","C4S, ManyVids, Curvage",$21.99,$21.99,$21.99,,21.99,21.99,0.0,Mostly aligned,Missing MC Clipstore; OnlyFans omitted pending stronger title dedupe,4,private_content_mapping.csv
Video 0161,Burrito Binge,Video,"Clips4Sale, ManyVids, ModelCentro","C4S, ManyVids, MC Clipstore",$17.99,$17.99,,$17.99,17.99,17.99,0.0,Mostly aligned,Missing Curvage; OnlyFans omitted pending stronger title dedupe,4,private_content_mapping.csv
Video 0271,Co-workers' Revenge: Cake Stuffing and Rapid Growth,Video,"Clips4Sale, Curvage, ManyVids, ModelCentro","C4S, ManyVids, Curvage",$27.99,$27.99,$27.99,,27.99,27.99,0.0,Mostly aligned,Missing MC Clipstore; OnlyFans omitted pending stronger title dedupe,4,private_content_mapping.csv
Video 0282,Diet Pills Gone Wrong,Video,"Clips4Sale, Curvage, ManyVids, ModelCentro","C4S, ManyVids, Curvage",$14.99,$14.99,$14.99,,14.99,14.99,0.0,Mostly aligned,Missing MC Clipstore; OnlyFans omitted pending stronger title dedupe,4,private_content_mapping.csv
Video 0285,Exercise After Gaining,Video,"Clips4Sale, Curvage, ManyVids, ModelCentro","C4S, ManyVids, Curvage",$27.99,$27.99,$27.99,,27.99,27.99,0.0,Mostly aligned,Missing MC Clipstore; OnlyFans omitted pending stronger title dedupe,4,private_content_mapping.csv
Video 0120,Fat Nut on My Tits,Video,"Clips4Sale, ManyVids, ModelCentro","C4S, ManyVids, MC Clipstore",$14.99,$14.99,,$14.99,14.99,14.99,0.0,Mostly aligned,Missing Curvage; OnlyFans omitted pending stronger title dedupe,4,private_content_mapping.csv
Video 0078,Fat Stripper Gives You a Lapdance,Video,"Clips4Sale, ManyVids, ModelCentro","C4S, ManyVids, MC Clipstore",$10.99,$10.99,,$10.99,10.99,10.99,0.0,Mostly aligned,Missing Curvage; OnlyFans omitted pending stronger title dedupe,4,private_content_mapping.csv
Video 0069,Fatty in the Shower,Video,"Clips4Sale, ManyVids, ModelCentro","C4S, ManyVids, MC Clipstore",$9.99,$9.99,,$9.99,9.99,9.99,0.0,Mostly aligned,Missing Curvage; OnlyFans omitted pending stronger title dedupe,4,private_content_mapping.csv
Video 0275,Fitting My Fat Body,Video,"Clips4Sale, Curvage, ManyVids, ModelCentro","C4S, ManyVids, Curvage",$27.99,$27.99,$27.99,,27.99,27.99,0.0,Mostly aligned,Missing MC Clipstore; OnlyFans omitted pending stronger title dedupe,4,private_content_mapping.csv
Video 0082,Flopping My Fat Around,Video,"Clips4Sale, ManyVids, ModelCentro","C4S, ManyVids, MC Clipstore",$7.99,$7.99,,$7.99,7.99,7.99,0.0,Mostly aligned,Missing Curvage; OnlyFans omitted pending stronger title dedupe,4,private_content_mapping.csv
Video 0107,Full Body Measurements,Video,"Clips4Sale, ManyVids, ModelCentro","C4S, ManyVids, MC Clipstore",$8.99,$8.99,,$8.99,8.99,8.99,0.0,Mostly aligned,Missing Curvage; OnlyFans omitted pending stronger title dedupe,4,private_content_mapping.csv
Video 0240,Gaining SSBBW Makes Her Buttons Pop,Video,"Clips4Sale, Curvage, ManyVids, ModelCentro","C4S, ManyVids, Curvage",$14.99,$14.99,$14.99,,14.99,14.99,0.0,Mostly aligned,Missing MC Clipstore; OnlyFans omitted pending stronger title dedupe,4,private_content_mapping.csv
Video 0288,Gaining SSBBW Wants to Reach 600lbs,Video,"Clips4Sale, Curvage, ManyVids, ModelCentro","C4S, ManyVids, Curvage",$19.99,$19.99,$19.99,,19.99,19.99,0.0,Mostly aligned,Missing MC Clipstore; OnlyFans omitted pending stronger title dedupe,4,private_content_mapping.csv
Video 0281,Gassy Giantess Gobbles You Up,Video,"Clips4Sale, Curvage, ManyVids, ModelCentro","C4S, ManyVids, Curvage",$24.99,$24.99,$24.99,,24.99,24.99,0.0,Mostly aligned,Missing MC Clipstore; OnlyFans omitted pending stronger title dedupe,4,private_content_mapping.csv
Video 0279,Greedy SSBBW Stuffs Whole Thanksgiving Dinner,Video,"Clips4Sale, Curvage, ManyVids, ModelCentro","C4S, ManyVids, Curvage",$31.99,$31.99,$31.99,,31.99,31.99,0.0,Mostly aligned,Missing MC Clipstore; OnlyFans omitted pending stronger title dedupe,4,private_content_mapping.csv
Video 0102,Hot Pink Catwalk and Fat Bouncing,Video,"Clips4Sale, ManyVids, ModelCentro","C4S, ManyVids, MC Clipstore",$7.99,$7.99,,$7.99,7.99,7.99,0.0,Mostly aligned,Missing Curvage; OnlyFans omitted pending stronger title dedupe,4,private_content_mapping.csv
Video 0276,Hungry Girlfriend Ignores You,Video,"Clips4Sale, Curvage, ManyVids, ModelCentro","C4S, ManyVids, Curvage",$15.99,$15.99,$15.99,,15.99,15.99,0.0,Mostly aligned,Missing MC Clipstore; OnlyFans omitted pending stronger title dedupe,4,private_content_mapping.csv
Video 0075,Lotion on My Tits and Belly,Video,"Clips4Sale, ManyVids, ModelCentro","C4S, ManyVids, MC Clipstore",$10.99,$10.99,,$10.99,10.99,10.99,0.0,Mostly aligned,Missing Curvage; OnlyFans omitted pending stronger title dedupe,4,private_content_mapping.csv
Video 0258,Measurements and Weigh-In,Video,"Clips4Sale, Curvage, ManyVids, ModelCentro","C4S, ManyVids, Curvage",$34.99,$34.99,$34.99,,34.99,34.99,0.0,Mostly aligned,Missing MC Clipstore; OnlyFans omitted pending stronger title dedupe,4,private_content_mapping.csv
Video 0256,Mutual Gaining Fantasy,Video,"Clips4Sale, Curvage, ManyVids, ModelCentro","C4S, ManyVids, Curvage",$24.99,$24.99,$24.99,,24.99,24.99,0.0,Mostly aligned,Missing MC Clipstore; OnlyFans omitted pending stronger title dedupe,4,private_content_mapping.csv
Video 0116,Red Satin Shorts Fat Booty Worship,Video,"Clips4Sale, ManyVids, ModelCentro","C4S, ManyVids, MC Clipstore",$6.99,$6.99,,$6.99,6.99,6.99,0.0,Mostly aligned,Missing Curvage; OnlyFans omitted pending stronger title dedupe,4,private_content_mapping.csv
Video 0252,Resist Temptation or Get Swallowed,Video,"Clips4Sale, Curvage, ManyVids, ModelCentro","C4S, ManyVids, Curvage",$24.99,$24.99,$24.99,,24.99,24.99,0.0,Mostly aligned,Missing MC Clipstore; OnlyFans omitted pending stronger title dedupe,4,private_content_mapping.csv
Video 0113,Sexy Body Bouncing and Jiggling,Video,"Clips4Sale, ManyVids, ModelCentro","C4S, ManyVids, MC Clipstore",$9.99,$9.99,,$9.99,9.99,9.99,0.0,Mostly aligned,Missing Curvage; OnlyFans omitted pending stronger title dedupe,4,private_content_mapping.csv
Video 0121,Smoky BJ and Pussy Vibe,Video,"Clips4Sale, ManyVids, ModelCentro","C4S, ManyVids, MC Clipstore",$12.99,$12.99,,$12.99,12.99,12.99,0.0,Mostly aligned,Missing Curvage; OnlyFans omitted pending stronger title dedupe,4,private_content_mapping.csv
Video 0250,Soda Chug and Burping,Video,"Clips4Sale, Curvage, ManyVids, ModelCentro","C4S, ManyVids, Curvage",$24.99,$24.99,$24.99,,24.99,24.99,0.0,Mostly aligned,Missing MC Clipstore; OnlyFans omitted pending stronger title dedupe,4,private_content_mapping.csv
Video 0110,Solo Shower Sex,Video,"Clips4Sale, ManyVids, ModelCentro","C4S, ManyVids, MC Clipstore",$10.99,$10.99,,$10.99,10.99,10.99,0.0,Mostly aligned,Missing Curvage; OnlyFans omitted pending stronger title dedupe,4,private_content_mapping.csv
Video 0267,SSBBW Burps and Farts While Stuffing,Video,"Clips4Sale, Curvage, ManyVids","C4S, ManyVids, Curvage",$34.99,$34.99,$34.99,,34.99,34.99,0.0,Mostly aligned,Missing MC Clipstore; OnlyFans omitted pending stronger title dedupe,3,private_content_mapping.csv
Video 0248,SSBBW Girlfriend Grows into 14-foot Giantess,Video,"Clips4Sale, Curvage, ManyVids, ModelCentro","C4S, ManyVids, Curvage",$21.99,$21.99,$21.99,,21.99,21.99,0.0,Mostly aligned,Missing MC Clipstore; OnlyFans omitted pending stronger title dedupe,4,private_content_mapping.csv
Video 0254,SSBBW Smokes After Thanksgiving Stuffing,Video,"Clips4Sale, Curvage, ManyVids, ModelCentro","C4S, ManyVids, Curvage",$29.99,$29.99,$29.99,,29.99,29.99,0.0,Mostly aligned,Missing MC Clipstore; OnlyFans omitted pending stronger title dedupe,4,private_content_mapping.csv
Video 0273,SSBBW Squashes You Under Ass and Feet,Video,"Clips4Sale, Curvage, ManyVids, ModelCentro","C4S, ManyVids, Curvage",$17.99,$17.99,$17.99,,17.99,17.99,0.0,Mostly aligned,Missing MC Clipstore; OnlyFans omitted pending stronger title dedupe,4,private_content_mapping.csv
Video 0284,Stuffed Girlfriend Gets Gassy,Video,"Clips4Sale, Curvage, ManyVids, ModelCentro","C4S, ManyVids, Curvage",$19.99,$19.99,$19.99,,19.99,19.99,0.0,Mostly aligned,Missing MC Clipstore; OnlyFans omitted pending stronger title dedupe,4,private_content_mapping.csv
Video 0241,Stuffing and Makeout POV,Video,"Clips4Sale, Curvage, ManyVids, ModelCentro","C4S, ManyVids, Curvage",$24.99,$24.99,$24.99,,24.99,24.99,0.0,Mostly aligned,Missing MC Clipstore; OnlyFans omitted pending stronger title dedupe,4,private_content_mapping.csv
Video 0111,Stuffing My Face With Pizza,Video,"Clips4Sale, ManyVids, ModelCentro","C4S, ManyVids, MC Clipstore",$14.99,$14.99,,$14.99,14.99,14.99,0.0,Mostly aligned,Missing Curvage; OnlyFans omitted pending stronger title dedupe,4,private_content_mapping.csv
Video 0266,Stuffing Until I'm Stuck,Video,"Clips4Sale, Curvage, ManyVids, ModelCentro","C4S, ManyVids, Curvage",$28.99,$28.99,$28.99,,28.99,28.99,0.0,Mostly aligned,Missing MC Clipstore; OnlyFans omitted pending stronger title dedupe,4,private_content_mapping.csv
Video 0287,The Diet of a Gaining SSBBW,Video,"Clips4Sale, Curvage, ManyVids, ModelCentro","C4S, ManyVids, Curvage",$27.99,$27.99,$27.99,,27.99,27.99,0.0,Mostly aligned,Missing MC Clipstore; OnlyFans omitted pending stronger title dedupe,4,private_content_mapping.csv
Video 0269,Therapist Turns You Into a Feeder Part 2,Video,"Clips4Sale, Curvage, ManyVids, ModelCentro","C4S, ManyVids, Curvage",$24.99,$24.99,$24.99,,24.99,24.99,0.0,Mostly aligned,Missing MC Clipstore; OnlyFans omitted pending stronger title dedupe,4,private_content_mapping.csv
Video 0278,Therapist Turns You Into a Feeder Part 3,Video,"Clips4Sale, Curvage, ManyVids, ModelCentro","C4S, ManyVids, Curvage",$29.99,$29.99,$29.99,,29.99,29.99,0.0,Mostly aligned,Missing MC Clipstore; OnlyFans omitted pending stronger title dedupe,4,private_content_mapping.csv
Video 0097,Tight Dress Belly Bouncing,Video,"Clips4Sale, ManyVids, ModelCentro","C4S, ManyVids, MC Clipstore",$5.99,$5.99,,$5.99,5.99,5.99,0.0,Mostly aligned,Missing Curvage; OnlyFans omitted pending stronger title dedupe,4,private_content_mapping.csv
Video 0106,Two Dicks One Pussy,Video,"Clips4Sale, ManyVids, ModelCentro","C4S, ManyVids, MC Clipstore",$14.99,$14.99,,$14.99,14.99,14.99,0.0,Mostly aligned,Missing Curvage; OnlyFans omitted pending stronger title dedupe,4,private_content_mapping.csv
Video 0115,Vibing in the Bathtub,Video,"Clips4Sale, ManyVids, ModelCentro","C4S, ManyVids, MC Clipstore",$14.99,$14.99,,$14.99,14.99,14.99,0.0,Mostly aligned,Missing Curvage; OnlyFans omitted pending stronger title dedupe,4,private_content_mapping.csv
Video 0119,Your Cum Makes Me Gain,Video,"Clips4Sale, ManyVids, ModelCentro","C4S, ManyVids, MC Clipstore",$11.99,$11.99,,$11.99,11.99,11.99,0.0,Mostly aligned,Missing Curvage; OnlyFans omitted pending stronger title dedupe,4,private_content_mapping.csv
Video 0235,Your Therapist Turns You Into a Feeder Part 1,Video,"Clips4Sale, Curvage, ManyVids, ModelCentro","C4S, ManyVids, Curvage",$24.99,$24.99,$24.99,,24.99,24.99,0.0,Mostly aligned,Missing MC Clipstore; OnlyFans omitted pending stronger title dedupe,4,private_content_mapping.csv
Video 0067,2020 Twerk,Video,"ManyVids, ModelCentro","ManyVids, MC Clipstore",,$4.99,,$4.99,4.99,4.99,0.0,Partial coverage,"Missing C4S, Curvage; OnlyFans omitted pending stronger title dedupe",3,private_content_mapping.csv
Video 0090,400lbs Bouncing on Your Cock,Video,"ManyVids, ModelCentro","ManyVids, MC Clipstore",,$7.99,,$7.99,7.99,7.99,0.0,Partial coverage,"Missing C4S, Curvage; OnlyFans omitted pending stronger title dedupe",3,private_content_mapping.csv
Video 0247,Anniversary Fuck POV,Video,"Clips4Sale, ManyVids, ModelCentro","C4S, ManyVids",$19.99,$19.99,,,19.99,19.99,0.0,Partial coverage,"Missing Curvage, MC Clipstore; OnlyFans omitted pending stronger title dedupe",3,private_content_mapping.csv
Video 0074,Big Ass in Blue Jeans,Video,"Clips4Sale, ModelCentro","C4S, MC Clipstore",$12.99,,,$12.99,12.99,12.99,0.0,Partial coverage,"Missing ManyVids, Curvage; OnlyFans omitted pending stronger title dedupe",3,private_content_mapping.csv
Video 0220,Bouncing My Oiled-Up Fat,Video,"Clips4Sale, ManyVids, ModelCentro","C4S, ManyVids",$15.99,$15.99,,,15.99,15.99,0.0,Partial coverage,"Missing Curvage, MC Clipstore; OnlyFans omitted pending stronger title dedupe",3,private_content_mapping.csv
Video 0109,Come Back to Bed POV,Video,"ManyVids, ModelCentro","ManyVids, MC Clipstore",,$10.99,,$10.99,10.99,10.99,0.0,Partial coverage,"Missing C4S, Curvage; OnlyFans omitted pending stronger title dedupe",3,private_content_mapping.csv
Video 0251,Cum for My Fat,Video,"Clips4Sale, ManyVids, ModelCentro","C4S, ManyVids",$16.99,$16.99,,,16.99,16.99,0.0,Partial coverage,"Missing Curvage, MC Clipstore; OnlyFans omitted pending stronger title dedupe",3,private_content_mapping.csv
Video 0076,Cumming in my Panties,Video,"ManyVids, ModelCentro","ManyVids, MC Clipstore",,$14.99,,$14.99,14.99,14.99,0.0,Partial coverage,"Missing C4S, Curvage; OnlyFans omitted pending stronger title dedupe",3,private_content_mapping.csv
Video 0277,Dorothy Returns to Oz POV,Video,"Clips4Sale, ManyVids, ModelCentro","C4S, ManyVids",$23.99,$23.99,,,23.99,23.99,0.0,Partial coverage,"Missing Curvage, MC Clipstore; OnlyFans omitted pending stronger title dedupe",3,private_content_mapping.csv
Video 0265,Dripping Wet Strip Tease,Video,"Clips4Sale, ManyVids, ModelCentro","C4S, ManyVids",$21.99,$21.99,,,21.99,21.99,0.0,Partial coverage,"Missing Curvage, MC Clipstore; OnlyFans omitted pending stronger title dedupe",3,private_content_mapping.csv
Video 0230,Fat Ass in Shiny Pants,Video,"Clips4Sale, ManyVids, ModelCentro","C4S, ManyVids",$12.99,$12.99,,,12.99,12.99,0.0,Partial coverage,"Missing Curvage, MC Clipstore; OnlyFans omitted pending stronger title dedupe",3,private_content_mapping.csv
Video 0253,Fresh Squeezed Fruit Crush,Video,"Clips4Sale, Curvage, ModelCentro","C4S, Curvage",$21.99,,$21.99,,21.99,21.99,0.0,Partial coverage,"Missing ManyVids, MC Clipstore; OnlyFans omitted pending stronger title dedupe",3,private_content_mapping.csv
Video 0101,Fucking a Little Chubby Toy,Video,"ManyVids, ModelCentro","ManyVids, MC Clipstore",,$13.99,,$13.99,13.99,13.99,0.0,Partial coverage,"Missing C4S, Curvage; OnlyFans omitted pending stronger title dedupe",3,private_content_mapping.csv
Video 0290,Fucking Your Stuffed SSBBW Girlfriend POV,Video,"Clips4Sale, ManyVids, ModelCentro","C4S, ManyVids",$20.99,$20.99,,,20.99,20.99,0.0,Partial coverage,"Missing Curvage, MC Clipstore; OnlyFans omitted pending stronger title dedupe",3,private_content_mapping.csv
Video 0215,Heavy Hanging Belly,Video,"Clips4Sale, ManyVids, ModelCentro","C4S, ManyVids",$13.99,$13.99,,,13.99,13.99,0.0,Partial coverage,"Missing Curvage, MC Clipstore; OnlyFans omitted pending stronger title dedupe",3,private_content_mapping.csv
Video 0243,Hotel Concierge Fucking POV,Video,"Clips4Sale, ManyVids, ModelCentro","C4S, ManyVids",$17.99,$17.99,,,17.99,17.99,0.0,Partial coverage,"Missing Curvage, MC Clipstore; OnlyFans omitted pending stronger title dedupe",3,private_content_mapping.csv
Video 0095,Huge Twerking Ass and Dripping Chubby Pussy,Video,"ManyVids, ModelCentro","ManyVids, MC Clipstore",,$11.99,,$11.99,11.99,11.99,0.0,Partial coverage,"Missing C4S, Curvage; OnlyFans omitted pending stronger title dedupe",3,private_content_mapping.csv
Video 0231,Large Pizza and Fat Pussy,Video,"Clips4Sale, ManyVids, ModelCentro","C4S, ManyVids",$24.99,$24.99,,,24.99,24.99,0.0,Partial coverage,"Missing Curvage, MC Clipstore; OnlyFans omitted pending stronger title dedupe",3,private_content_mapping.csv
Video 0221,Magical Belly Growth and Riding POV,Video,"Clips4Sale, ManyVids, ModelCentro","C4S, ManyVids",$22.99,$22.99,,,22.99,22.99,0.0,Partial coverage,"Missing Curvage, MC Clipstore; OnlyFans omitted pending stronger title dedupe",3,private_content_mapping.csv
Video 0089,Manual Moaning Orgasm,Video,"ManyVids, ModelCentro","ManyVids, MC Clipstore",,$11.99,,$11.99,11.99,11.99,0.0,Partial coverage,"Missing C4S, Curvage; OnlyFans omitted pending stronger title dedupe",3,private_content_mapping.csv
Video 0219,Messy Whipped Cream Tits,Video,"Clips4Sale, ManyVids, ModelCentro","C4S, ManyVids",$16.99,$16.99,,,16.99,16.99,0.0,Partial coverage,"Missing Curvage, MC Clipstore; OnlyFans omitted pending stronger title dedupe",3,private_content_mapping.csv
Video 0209,Morning SSBBW Fuck POV Solo,Video,"Clips4Sale, ManyVids, ModelCentro","C4S, ManyVids",$16.99,$16.99,,,16.99,16.99,0.0,Partial coverage,"Missing Curvage, MC Clipstore; OnlyFans omitted pending stronger title dedupe",3,private_content_mapping.csv
Video 0166,My Weight Gain Makes Me Wet,Video,"Clips4Sale, ManyVids, ModelCentro","C4S, ManyVids",$16.99,$16.99,,,16.99,16.99,0.0,Partial coverage,"Missing Curvage, MC Clipstore; OnlyFans omitted pending stronger title dedupe",3,private_content_mapping.csv
Video 0198,Naked Fatty Tells You How to Stroke,Video,"Clips4Sale, ManyVids","C4S, ManyVids",$17.99,$17.99,,,17.99,17.99,0.0,Partial coverage,"Missing Curvage, MC Clipstore; OnlyFans omitted pending stronger title dedupe",2,private_content_mapping.csv
Video 0270,Neighbor Gets Bred,Video,"Clips4Sale, ManyVids, ModelCentro","C4S, ManyVids",$20.99,$20.99,,,20.99,20.99,0.0,Partial coverage,"Missing Curvage, MC Clipstore; OnlyFans omitted pending stronger title dedupe",3,private_content_mapping.csv
Video 0274,Pantyhose Pussy Licking and Toe Sucking,Video,"Clips4Sale, ManyVids, ModelCentro","C4S, ManyVids",$21.99,$21.99,,,21.99,21.99,0.0,Partial coverage,"Missing Curvage, MC Clipstore; OnlyFans omitted pending stronger title dedupe",3,private_content_mapping.csv
Video 0092,POV Fucking and Sucking,Video,"ManyVids, ModelCentro","ManyVids, MC Clipstore",,$11.99,,$11.99,11.99,11.99,0.0,Partial coverage,"Missing C4S, Curvage; OnlyFans omitted pending stronger title dedupe",3,private_content_mapping.csv
Video 0246,Secretly Watching Masturbation,Video,"Clips4Sale, ManyVids, ModelCentro","C4S, ManyVids",$14.99,$14.99,,,14.99,14.99,0.0,Partial coverage,"Missing Curvage, MC Clipstore; OnlyFans omitted pending stronger title dedupe",3,private_content_mapping.csv
Video 0218,Seducing You Into Impregnation,Video,"Clips4Sale, ManyVids, ModelCentro","C4S, ManyVids",$16.99,$16.99,,,16.99,16.99,0.0,Partial coverage,"Missing Curvage, MC Clipstore; OnlyFans omitted pending stronger title dedupe",3,private_content_mapping.csv
Video 0112,Sensual Pussy Play with JOI,Video,"ManyVids, ModelCentro","ManyVids, MC Clipstore",,$8.99,,$8.99,8.99,8.99,0.0,Partial coverage,"Missing C4S, Curvage; OnlyFans omitted pending stronger title dedupe",3,private_content_mapping.csv
Video 0212,Sexy Soaking Fatty,Video,"Clips4Sale, ManyVids, ModelCentro","C4S, ManyVids",$16.99,$16.99,,,16.99,16.99,0.0,Partial coverage,"Missing Curvage, MC Clipstore; OnlyFans omitted pending stronger title dedupe",3,private_content_mapping.csv
Video 0272,Smoking a cigarette in an outgrown shirt,Video,"Clips4Sale, Curvage, ModelCentro","C4S, Curvage",$18.99,,$18.99,,18.99,18.99,0.0,Partial coverage,"Missing ManyVids, MC Clipstore; OnlyFans omitted pending stronger title dedupe",3,private_content_mapping.csv
Video 0105,Spying on Your Hot Roommate,Video,"ManyVids, ModelCentro","ManyVids, MC Clipstore",,$10.99,,$10.99,10.99,10.99,0.0,Partial coverage,"Missing C4S, Curvage; OnlyFans omitted pending stronger title dedupe",3,private_content_mapping.csv
Video 0249,SSBBW Ex Wants to Get Pregnant,Video,"Clips4Sale, ManyVids, ModelCentro","C4S, ManyVids",$13.99,$13.99,,,13.99,13.99,0.0,Partial coverage,"Missing Curvage, MC Clipstore; OnlyFans omitted pending stronger title dedupe",3,private_content_mapping.csv
Video 0167,SSBBW Giantess GFE,Video,"Clips4Sale, ManyVids","C4S, ManyVids",$16.99,$16.99,,,16.99,16.99,0.0,Partial coverage,"Missing Curvage, MC Clipstore; OnlyFans omitted pending stronger title dedupe",2,private_content_mapping.csv
Video 0239,SSBBW Giantess Rubs Pussy on You,Video,"Clips4Sale, ManyVids, ModelCentro","C4S, ManyVids",$14.99,$14.99,,,14.99,14.99,0.0,Partial coverage,"Missing Curvage, MC Clipstore; OnlyFans omitted pending stronger title dedupe",3,private_content_mapping.csv
Video 0214,SSBBW Jiggles Fat Thighs and Ass,Video,"Clips4Sale, ManyVids, ModelCentro","C4S, ManyVids",$15.99,$15.99,,,15.99,15.99,0.0,Partial coverage,"Missing Curvage, MC Clipstore; OnlyFans omitted pending stronger title dedupe",3,private_content_mapping.csv
Video 0208,SSBBW Mrs Claus Lets You Eat Ass and Pussy,Video,"Clips4Sale, ManyVids, ModelCentro","C4S, ManyVids",$13.99,$13.99,,,13.99,13.99,0.0,Partial coverage,"Missing Curvage, MC Clipstore; OnlyFans omitted pending stronger title dedupe",3,private_content_mapping.csv
Video 0263,SSBBW Rips Leggings and Fucks Pussy,Video,"Clips4Sale, ManyVids, ModelCentro","C4S, ManyVids",$19.99,$19.99,,,19.99,19.99,0.0,Partial coverage,"Missing Curvage, MC Clipstore; OnlyFans omitted pending stronger title dedupe",3,private_content_mapping.csv
Video 0137,Struggling to Stand,Video,"Clips4Sale, ModelCentro","C4S, MC Clipstore",$10.99,,,$10.99,10.99,10.99,0.0,Partial coverage,"Missing ManyVids, Curvage; OnlyFans omitted pending stronger title dedupe",2,private_content_mapping.csv
Video 0286,Stuffed and Horny,Video,"Clips4Sale, ManyVids, ModelCentro","C4S, ManyVids",$36.99,$36.99,,,36.99,36.99,0.0,Partial coverage,"Missing Curvage, MC Clipstore; OnlyFans omitted pending stronger title dedupe",3,private_content_mapping.csv
Video 0261,Wife Wants to Stop Gaining the Reboot,Video,"Clips4Sale, ManyVids, ModelCentro","C4S, ManyVids",$21.99,$21.99,,,21.99,21.99,0.0,Partial coverage,"Missing Curvage, MC Clipstore; OnlyFans omitted pending stronger title dedupe",3,private_content_mapping.csv
Video 0268,Work Meeting Masturbation,Video,"Clips4Sale, ManyVids, ModelCentro","C4S, ManyVids",$21.99,$21.99,,,21.99,21.99,0.0,Partial coverage,"Missing Curvage, MC Clipstore; OnlyFans omitted pending stronger title dedupe",3,private_content_mapping.csv
Video 0228,Worship My Sweaty Ass,Video,"Clips4Sale, ManyVids, ModelCentro","C4S, ManyVids",$20.99,$20.99,,,20.99,20.99,0.0,Partial coverage,"Missing Curvage, MC Clipstore; OnlyFans omitted pending stronger title dedupe",3,private_content_mapping.csv
Video 0255,Worship My Sweaty Fat,Video,"Clips4Sale, ManyVids, ModelCentro","C4S, ManyVids",$24.99,$24.99,,,24.99,24.99,0.0,Partial coverage,"Missing Curvage, MC Clipstore; OnlyFans omitted pending stronger title dedupe",3,private_content_mapping.csv
Video 0070,BBW Awards Show Performance - 1/21/2020,Video,ModelCentro,MC Clipstore,,,,$4.99,4.99,4.99,0.0,Partial coverage,"Missing C4S, ManyVids, Curvage; OnlyFans omitted pending stronger title dedupe",2,private_content_mapping.csv
Video 0051,BBW Strip Night Cheetah's Hollywood 7/28/19,Video,ModelCentro,MC Clipstore,,,,$4.99,4.99,4.99,0.0,Partial coverage,"Missing C4S, ManyVids, Curvage; OnlyFans omitted pending stronger title dedupe",2,private_content_mapping.csv
Video 0035,Big Horny Housewife,Video,"ManyVids, ModelCentro",ManyVids,,$4.99,,,4.99,4.99,0.0,Partial coverage,"Missing C4S, Curvage, MC Clipstore; OnlyFans omitted pending stronger title dedupe",2,private_content_mapping.csv
Video 0014,"Close Up BJ on 7"" Toy",Video,ModelCentro,MC Clipstore,,,,$4.99,4.99,4.99,0.0,Partial coverage,"Missing C4S, ManyVids, Curvage; OnlyFans omitted pending stronger title dedupe",2,private_content_mapping.csv
Video 0047,Fat Girl in Skimpy Lingerie,Video,"ManyVids, ModelCentro",ManyVids,,$4.99,,,4.99,4.99,0.0,Partial coverage,"Missing C4S, Curvage, MC Clipstore; OnlyFans omitted pending stronger title dedupe",2,private_content_mapping.csv
Video 0037,Fat Goddess Fucks Pussy,Video,"ManyVids, ModelCentro",ManyVids,,$4.99,,,4.99,4.99,0.0,Partial coverage,"Missing C4S, Curvage, MC Clipstore; OnlyFans omitted pending stronger title dedupe",2,private_content_mapping.csv
Video 0030,Fatty in the Sun,Video,"ManyVids, ModelCentro",ManyVids,,$4.99,,,4.99,4.99,0.0,Partial coverage,"Missing C4S, Curvage, MC Clipstore; OnlyFans omitted pending stronger title dedupe",2,private_content_mapping.csv
Video 0009,Fuck me in my stilettos,Video,ModelCentro,MC Clipstore,,,,$7.99,7.99,7.99,0.0,Partial coverage,"Missing C4S, ManyVids, Curvage; OnlyFans omitted pending stronger title dedupe",2,private_content_mapping.csv
Video 0083,Fucking My Pussy Until it Drips Sweet Creamy Cum,Video,ModelCentro,MC Clipstore,,,,$9.99,9.99,9.99,0.0,Partial coverage,"Missing C4S, ManyVids, Curvage; OnlyFans omitted pending stronger title dedupe",2,private_content_mapping.csv
Video 0073,"Gagging, Drooling, and Riding",Video,ModelCentro,MC Clipstore,,,,$12.99,12.99,12.99,0.0,Partial coverage,"Missing C4S, ManyVids, Curvage; OnlyFans omitted pending stronger title dedupe",2,private_content_mapping.csv
Video 0017,Getting Steamy in the Hot Tub,Video,ModelCentro,MC Clipstore,,,,$8.99,8.99,8.99,0.0,Partial coverage,"Missing C4S, ManyVids, Curvage; OnlyFans omitted pending stronger title dedupe",2,private_content_mapping.csv
Video 0031,Hitachi Makes Me Squirt,Video,"ManyVids, ModelCentro",ManyVids,,$4.99,,,4.99,4.99,0.0,Partial coverage,"Missing C4S, Curvage, MC Clipstore; OnlyFans omitted pending stronger title dedupe",2,private_content_mapping.csv
Video 0041,I Need V-day Dick,Video,"ManyVids, ModelCentro",ManyVids,,$4.99,,,4.99,4.99,0.0,Partial coverage,"Missing C4S, Curvage, MC Clipstore; OnlyFans omitted pending stronger title dedupe",2,private_content_mapping.csv
Video 0042,Lady in Black,Video,"ManyVids, ModelCentro",ManyVids,,$4.99,,,4.99,4.99,0.0,Partial coverage,"Missing C4S, Curvage, MC Clipstore; OnlyFans omitted pending stronger title dedupe",2,private_content_mapping.csv
Video 0045,Lady Loves to Play,Video,"ManyVids, ModelCentro",ManyVids,,$4.99,,,4.99,4.99,0.0,Partial coverage,"Missing C4S, Curvage, MC Clipstore; OnlyFans omitted pending stronger title dedupe",2,private_content_mapping.csv
Video 0038,Lady Needs Your Cum,Video,"ManyVids, ModelCentro",ManyVids,,$4.99,,,4.99,4.99,0.0,Partial coverage,"Missing C4S, Curvage, MC Clipstore; OnlyFans omitted pending stronger title dedupe",2,private_content_mapping.csv
Video 0103,Multi-Orgasm Vibrator Riding,Video,ModelCentro,MC Clipstore,,,,$11.99,11.99,11.99,0.0,Partial coverage,"Missing C4S, ManyVids, Curvage; OnlyFans omitted pending stronger title dedupe",2,private_content_mapping.csv
Video 0004,Naughty gym shower!,Video,ModelCentro,MC Clipstore,,,,$5.00,5.0,5.0,0.0,Partial coverage,"Missing C4S, ManyVids, Curvage; OnlyFans omitted pending stronger title dedupe",2,private_content_mapping.csv
Video 0049,Sexy Soft Curves,Video,"ManyVids, ModelCentro",ManyVids,,$4.99,,,4.99,4.99,0.0,Partial coverage,"Missing C4S, Curvage, MC Clipstore; OnlyFans omitted pending stronger title dedupe",2,private_content_mapping.csv
Video 0027,Squeaky Chair Big Girl,Video,"ManyVids, ModelCentro",ManyVids,,$4.99,,,4.99,4.99,0.0,Partial coverage,"Missing C4S, Curvage, MC Clipstore; OnlyFans omitted pending stronger title dedupe",2,private_content_mapping.csv
Video 0024,Squirting and Fishnets,Video,"ManyVids, ModelCentro",ManyVids,,$4.99,,,4.99,4.99,0.0,Partial coverage,"Missing C4S, Curvage, MC Clipstore; OnlyFans omitted pending stronger title dedupe",2,private_content_mapping.csv
Video 0001,US Independence Day! Popsicles and Pussies..,Video,ModelCentro,MC Clipstore,,,,$5.99,5.99,5.99,0.0,Partial coverage,"Missing C4S, ManyVids, Curvage; OnlyFans omitted pending stronger title dedupe",2,private_content_mapping.csv
