platform,message_id,message_type,sent_at,date,clean_item_label,price,purchased_count,gross_amount,estimated_creator_net,sent_count,viewed_count,view_rate,media_count,media_types,rank_group,rank_direct,rank_purchases,included_sections,period_start,period_end,source_file,imported_at,row_hash
OnlyFans,40557378411,group,2026-05-22T17:19:28+00:00,2026-05-22,"In town from college, you go to visit your best friend at his house. He isn't home yet, but his mom is... After sussing out your attraction to fat women, she decides to show you just how to please one. Teasing you with her gorgeous soft bod",27.99,68,1903.32,1522.66,7421,2268,0.3056,2,video,3,,1,"group,purchases",2026-01-01,2026-06-29,2026-06-29_11-26-02_onlyfans_native_messages_2026-01-01_to_2026-06-29.json,2026-06-29T11:26:13,3693ed9d46ac3ea0418407378ad72e6727607805b773b7ecdbd71b9c4a3d0147
OnlyFans,38961419182,group,2026-04-21T17:15:33+00:00,2026-04-21,"I have no self control when it comes to pizza, taking bite after bite. I'm such a greedy pig and nothing makes me hotter! You'll want to unlock this to see how hard I cum while stuffing my face 🥵🍕",36.99,22,813.78,651.02,7332,2665,0.3635,2,video,6,,,group,2026-01-01,2026-06-29,2026-06-29_11-26-02_onlyfans_native_messages_2026-01-01_to_2026-06-29.json,2026-06-29T11:26:13,f05c5a36df48dfdfd35a690946954b65e5da9cf652ac9fbbef5fc60547503e8c
OnlyFans,36596195547,group,2026-03-05T04:51:58+00:00,2026-03-05,"Budget cuts are coming, but the HR manager offers to help protect your job... As long as you take care of her needs. 🤤 You're mine now, and you're gonna feed me, fuck me, and worship me every day if you want to keep that paycheck. Unlock th",19.99,36,719.64,575.71,7117,2963,0.4163,2,video,9,,,group,2026-01-01,2026-06-29,2026-06-29_11-26-02_onlyfans_native_messages_2026-01-01_to_2026-06-29.json,2026-06-29T11:26:13,fb825d71b7c72ac84c2dabf05c947befed7f854c16a9af9547ad1e04043b75aa
OnlyFans,39703174907,group,2026-05-05T16:49:26+00:00,2026-05-05,"Your gaining girlfriend has gotten so fucking fat, stretching and expanding her stomach to stuff more and more. She's knows how much you love big fat women, and she's determined to make it to 600lbs all for you! 🍪😍",19.99,29,579.71,463.77,7361,2490,0.3383,2,video,4,,,group,2026-01-01,2026-06-29,2026-06-29_11-26-02_onlyfans_native_messages_2026-01-01_to_2026-06-29.json,2026-06-29T11:26:13,d484e2d8f2ce8beef9d54e65d4274e5d7d06e43491830e0a2c276520f9565af4
OnlyFans,34921392781,group,2026-01-30T05:54:09+00:00,2026-01-30,"You've been spotted by a massive gassy giantess, and there's nowhere for you to run. Will her burps and farts knock you out before she swallows you whole? You'll have to unlock to find out! 💨😘",24.99,22,549.78,439.82,7080,2795,0.3948,2,video,11,,,group,2026-01-01,2026-06-29,2026-06-29_11-26-02_onlyfans_native_messages_2026-01-01_to_2026-06-29.json,2026-06-29T11:26:13,04701603004ad6b95472d5d20a03f7152b6f4749017b1c07ba7ed000b48a8186
OnlyFans,36082249762,group,2026-02-22T23:11:04+00:00,2026-02-22,"I thought these diet pills would solve everything, but it all went wrong! 😳 I grew so quick and got wedged in the car, by then it was too late... Unlock if you wanna see me expand until I pop! 🍗🎈",14.99,36,539.64,431.71,7083,2796,0.3947,2,video,10,,,group,2026-01-01,2026-06-29,2026-06-29_11-26-02_onlyfans_native_messages_2026-01-01_to_2026-06-29.json,2026-06-29T11:26:13,fe6419f239f94ae92ba9f70f4e950e63eb7d295ee3eccbfd25e1aeb25e18211e
OnlyFans,41580539280,group,2026-06-11T17:03:37+00:00,2026-06-11,You surprised your girlfriend with her favorite treats and it turned out just how you planned - with her face and pussy stuffed 🧁🥵,20.99,25,524.75,419.8,7514,1885,0.2509,2,video,2,,,group,2026-01-01,2026-06-29,2026-06-29_11-26-02_onlyfans_native_messages_2026-01-01_to_2026-06-29.json,2026-06-29T11:26:13,38ee0f84879e764350fd759d155d1eccdfe5ed2bc1edfd0ed1101c27fe5dcc21
OnlyFans,42489755383,group,2026-06-28T00:17:47+00:00,2026-06-28,"Woke up starving but everything is closed! Good thing my roommate has a ton of leftovers in the fridge. 👀 I plan to only take a few bites, but quickly lose control devouring everything in sight! Suddenly her alarm goes off, I try to cover u",36.99,14,517.86,414.29,7583,956,0.1261,2,video,1,,,group,2026-01-01,2026-06-29,2026-06-29_11-26-02_onlyfans_native_messages_2026-01-01_to_2026-06-29.json,2026-06-29T11:26:13,a4ad31ba95cb3db94bd5f25d2c3ca0cbc00a54f401e8cb93ce6151181edaea13
OnlyFans,38218662450,group,2026-04-06T20:20:02+00:00,2026-04-06,"I love how much I've gained over the years, and I thought you might want to hear how it's impacted the way I exercise. Hang out with me while I smoke and chat about moving in a massive 530lb body! 🏋🏻‍♀️💪",27.99,16,447.84,358.27,7324,2797,0.3819,2,video,7,,,group,2026-01-01,2026-06-29,2026-06-29_11-26-02_onlyfans_native_messages_2026-01-01_to_2026-06-29.json,2026-06-29T11:26:13,68faed50327dab4d819ebd7f4df60225f9eba1a716fa98c2147334c0fe4a7d97
OnlyFans,36889419806,group,2026-03-11T17:03:03+00:00,2026-03-11,"You're feast for two turned into a stuffing all for your girlfriend! You can tell all that food really did a number on her stomach when you start to hear it gurgling. First the burps start erupting, but she can't hold back her farts as she",19.99,20,399.8,319.84,7238,2931,0.4049,2,video,8,,,group,2026-01-01,2026-06-29,2026-06-29_11-26-02_onlyfans_native_messages_2026-01-01_to_2026-06-29.json,2026-06-29T11:26:13,4b11bea2737428d8d40d76a73e389d54911b0ebd5984f5616b28e7309ff7210a
OnlyFans,39324140106,group,2026-04-28T00:25:37+00:00,2026-04-28,"I love sharing my weight gain journey with you, so you're getting an even closer look at my daily diet with a kitchen tour! Chat with me about how my daily diet has evolved with my growth while I smoke, snack, and show off my well-stocked c",27.99,14,391.86,313.49,7365,2608,0.3541,2,video,5,,,group,2026-01-01,2026-06-29,2026-06-29_11-26-02_onlyfans_native_messages_2026-01-01_to_2026-06-29.json,2026-06-29T11:26:13,2643ff1bed2f56b4c2a1b5e12858a675d89ea53f17c1fdeea4e5a95b921bf122
OnlyFans,36937430011,direct,2026-03-11T23:37:38+00:00,2026-03-11,Straight from the bowl to your tongue. Clean up toilet slut 👅,100.0,1,100.0,80.0,1,1,1.0,2,"photo, video",,73,,direct,2026-01-01,2026-06-29,2026-06-29_11-26-02_onlyfans_native_messages_2026-01-01_to_2026-06-29.json,2026-06-29T11:26:13,85fb5ad7b2521f5c94a22c8037a9a01f1c83a105e3ca050448c2699750bcc315
OnlyFans,36896220616,direct,2026-03-11T03:19:14+00:00,2026-03-11,"You have been such a good boy, I love to see you beg for me.",85.0,1,85.0,68.0,1,1,1.0,1,video,,74,,direct,2026-01-01,2026-06-29,2026-06-29_11-26-02_onlyfans_native_messages_2026-01-01_to_2026-06-29.json,2026-06-29T11:26:13,461c3975edca6400fc929f8df79d1dcc836cb762b0d112177646ab126fe526e7
OnlyFans,36849649720,direct,2026-03-10T04:12:29+00:00,2026-03-10,OnlyFans message 36849649720,70.0,1,70.0,56.0,1,1,1.0,1,video,,78,,direct,2026-01-01,2026-06-29,2026-06-29_11-26-02_onlyfans_native_messages_2026-01-01_to_2026-06-29.json,2026-06-29T11:26:13,907aa6617f0212190838e517417ce1579e3f099991cf81c863639da5219c2455
OnlyFans,36893405030,direct,2026-03-11T02:00:50+00:00,2026-03-11,"Yes that’s suchhh a good boy. You belong only to me, you exist to worship my fat, swallow those big stinky logs, and drink from my dripping pussy. Imagine if I even let you stick your cock into my stinky dirty asshole. Coating it completely",60.0,1,60.0,48.0,1,1,1.0,1,audio,,76,,direct,2026-01-01,2026-06-29,2026-06-29_11-26-02_onlyfans_native_messages_2026-01-01_to_2026-06-29.json,2026-06-29T11:26:13,1e74c6baa15a8145da0ac53a9b8a44a9a6eeac1d000e3665dfeca70e9a2224b4
OnlyFans,39435921652,direct,2026-04-30T02:56:35+00:00,2026-04-30,OnlyFans message 39435921652,40.0,1,40.0,32.0,1,1,1.0,1,video,,31,,direct,2026-01-01,2026-06-29,2026-06-29_11-26-02_onlyfans_native_messages_2026-01-01_to_2026-06-29.json,2026-06-29T11:26:13,905e74c2158e37a912553945aa7d089a2e1f36a6547afb7ce78f3b7fd2bec47a
OnlyFans,39433209237,direct,2026-04-30T01:44:02+00:00,2026-04-30,OnlyFans message 39433209237,40.0,1,40.0,32.0,1,1,1.0,1,video,,32,,direct,2026-01-01,2026-06-29,2026-06-29_11-26-02_onlyfans_native_messages_2026-01-01_to_2026-06-29.json,2026-06-29T11:26:13,a824eb890e9c596d95d3dc7c7acb65ffbab48a2abed570ef80e4e47963281f44
OnlyFans,36894480945,direct,2026-03-11T02:30:40+00:00,2026-03-11,"Every second of your day is spent day dreaming of my holes spread wide and ready to pummel you with farts, and fill you with all the stinky fudge and sweet juices. No matter what you’re doing, your goddess is the top of your mind aren’t I?",35.0,1,35.0,28.0,1,1,1.0,1,photo,,75,,direct,2026-01-01,2026-06-29,2026-06-29_11-26-02_onlyfans_native_messages_2026-01-01_to_2026-06-29.json,2026-06-29T11:26:13,b42410aaa02f88cdbc19514c0824437744fbfc730b4415986274ba7dd6e7c09c
OnlyFans,36846236309,direct,2026-03-10T02:36:13+00:00,2026-03-10,OnlyFans message 36846236309,35.0,1,35.0,28.0,1,1,1.0,2,photo,,81,,direct,2026-01-01,2026-06-29,2026-06-29_11-26-02_onlyfans_native_messages_2026-01-01_to_2026-06-29.json,2026-06-29T11:26:13,3a1ce71a6de482fc057221711d9b160ee8ee4c856622376a836cf451169b42e6
OnlyFans,38212962663,direct,2026-04-06T17:35:54+00:00,2026-04-06,"Mmm you'll lose it watching this one, Josué.. those tiny shorts barely cover me while I stuff myself like a greedy goddess.. My belly just keeps growing with every bite",30.0,1,30.0,24.0,1,1,1.0,2,video,,52,,direct,2026-01-01,2026-06-29,2026-06-29_11-26-02_onlyfans_native_messages_2026-01-01_to_2026-06-29.json,2026-06-29T11:26:13,15ec1ce7b50f93c2ecc786ce03bfd7a3d74c871a8fc1937dcab4322cdb1ba34f
OnlyFans,38212372988,direct,2026-04-06T17:21:12+00:00,2026-04-06,"This one's all about me giving in to that greedy side.. room service, strappy lingerie, my belly jiggling while I can't stop stuffing myself.. You'd love watching me lose control like this",30.0,1,30.0,24.0,1,1,1.0,2,video,,53,,direct,2026-01-01,2026-06-29,2026-06-29_11-26-02_onlyfans_native_messages_2026-01-01_to_2026-06-29.json,2026-06-29T11:26:13,a0e32bb161d6cc4ffb537b221cb5d093ca0b3c39a7fa82ef9a6139ac8c490161
OnlyFans,39010260064,direct,2026-04-22T00:15:26+00:00,2026-04-22,Maybe something more like this? 🥵,25.0,1,25.0,20.0,1,1,1.0,2,video,,37,,direct,2026-01-01,2026-06-29,2026-06-29_11-26-02_onlyfans_native_messages_2026-01-01_to_2026-06-29.json,2026-06-29T11:26:13,21a5b30dfc077b3af9edd75d7614ec85d45b057c8042a5ff79c42aaa74645dcc
OnlyFans,36848874574,direct,2026-03-10T03:49:47+00:00,2026-03-10,OnlyFans message 36848874574,25.0,1,25.0,20.0,1,1,1.0,1,photo,,79,,direct,2026-01-01,2026-06-29,2026-06-29_11-26-02_onlyfans_native_messages_2026-01-01_to_2026-06-29.json,2026-06-29T11:26:13,466ce091113eedbedb89890ec26e9c931ab730855988d68b2e60a16b88b7b82d
OnlyFans,39583949254,direct,2026-05-02T23:53:42+00:00,2026-05-02,"Fuuuck yes, you'll make your goddess very happy with you. I would turn you into my throne, let you dine on me and feel the power of all 530lbs of me. Could you handle that? 😈",22.0,1,22.0,17.6,1,1,1.0,1,video,,5,,direct,2026-01-01,2026-06-29,2026-06-29_11-26-02_onlyfans_native_messages_2026-01-01_to_2026-06-29.json,2026-06-29T11:26:13,cf858cf3be264bcc96f2cca4e5ac0ada62c027daadb1b3706b2b00f9a7c10500
OnlyFans,39583228686,direct,2026-05-02T23:34:42+00:00,2026-05-02,Mmmm I was hoping you'd say that! Cause I recorded one right up close that I think you'd love 🥵,22.0,1,22.0,17.6,1,1,1.0,1,video,,8,,direct,2026-01-01,2026-06-29,2026-06-29_11-26-02_onlyfans_native_messages_2026-01-01_to_2026-06-29.json,2026-06-29T11:26:13,fe8ac3eed57e91d4853a208cff5a5686984b0db434a97afb9918d0cac60edd24
OnlyFans,39582170301,direct,2026-05-02T23:07:44+00:00,2026-05-02,I wanted to show you how good the view would be 😈,22.0,1,22.0,17.6,1,1,1.0,1,video,,9,,direct,2026-01-01,2026-06-29,2026-06-29_11-26-02_onlyfans_native_messages_2026-01-01_to_2026-06-29.json,2026-06-29T11:26:13,5013bb8ecb2e001f0f2aa3dbbd416c8ada56faac76c9745d9206bc909262b5e4
OnlyFans,39743584577,direct,2026-05-06T00:24:26+00:00,2026-05-06,Can you handle that? 😈,20.0,1,20.0,16.0,1,1,1.0,2,"photo, video",,2,,direct,2026-01-01,2026-06-29,2026-06-29_11-26-02_onlyfans_native_messages_2026-01-01_to_2026-06-29.json,2026-06-29T11:26:13,4e38706a2331906065c95db36c3a375b58386c7a006f2476384a2b41f4a7e136
OnlyFans,39491461041,direct,2026-05-01T04:43:49+00:00,2026-05-01,I’d keep blasting you with fucking farts baby while you lick that puckering hole just like this 🤤,20.0,1,20.0,16.0,1,1,1.0,1,video,,17,,direct,2026-01-01,2026-06-29,2026-06-29_11-26-02_onlyfans_native_messages_2026-01-01_to_2026-06-29.json,2026-06-29T11:26:13,beb080637a71a88cce71feedcd5cb8bdb51b88f2daf258c23f0e334dc5cf53b8
OnlyFans,39431304991,direct,2026-04-30T00:52:42+00:00,2026-04-30,OnlyFans message 39431304991,20.0,1,20.0,16.0,1,1,1.0,1,photo,,33,,direct,2026-01-01,2026-06-29,2026-06-29_11-26-02_onlyfans_native_messages_2026-01-01_to_2026-06-29.json,2026-06-29T11:26:13,e5ff44fc642e0bb7f0133948296d5ce4ae617ad5a09800033cc9ed6eccd2d374
OnlyFans,38214036976,direct,2026-04-06T18:03:07+00:00,2026-04-06,Oh it totally is 😏 you'll lose it seeing where I started.. these pics are from way before I grew into the greedy goddess I am now 💜 wanna see the difference?,20.0,1,20.0,16.0,1,1,1.0,4,photo,,50,,direct,2026-01-01,2026-06-29,2026-06-29_11-26-02_onlyfans_native_messages_2026-01-01_to_2026-06-29.json,2026-06-29T11:26:13,d6b2b94c9af57f12b0ef5edeb640b3ea5caff7153a0bff49e8df1ad06af887fb
OnlyFans,36880948785,direct,2026-03-10T20:48:07+00:00,2026-03-10,OnlyFans message 36880948785,20.0,1,20.0,16.0,1,1,1.0,1,photo,,77,,direct,2026-01-01,2026-06-29,2026-06-29_11-26-02_onlyfans_native_messages_2026-01-01_to_2026-06-29.json,2026-06-29T11:26:13,2ee1a5e008d3b323f9fb304b3c3be5c476cdb74c04df351b5eb070c189e3dc7b
OnlyFans,39572143724,direct,2026-05-02T18:47:11+00:00,2026-05-02,"Funny how you’re begging for your life and reaching for your cock at the same time 🤭 I shove you slowly down my throat, the light disappearing as you go deeper and deeper. I can taste the fear and arousal in your sweat and it’s fucking deli",19.0,1,19.0,15.2,1,1,1.0,1,video,,15,,direct,2026-01-01,2026-06-29,2026-06-29_11-26-02_onlyfans_native_messages_2026-01-01_to_2026-06-29.json,2026-06-29T11:26:13,f4bcbe6a151744f2db3922b0a34685c35268c24fc834482ce5a19efbaec6ee26
OnlyFans,39490646968,direct,2026-05-01T04:20:38+00:00,2026-05-01,I loooove having my ass eaten 😈 I'd have it spread nice and wide for you just like this... 🥵,19.0,1,19.0,15.2,1,1,1.0,2,"photo, video",,20,,direct,2026-01-01,2026-06-29,2026-06-29_11-26-02_onlyfans_native_messages_2026-01-01_to_2026-06-29.json,2026-06-29T11:26:13,f62af833c4af1b8539b8066390b606bf0352cc9f957b942811e46dd1de230cdf
OnlyFans,39488773822,direct,2026-05-01T03:27:58+00:00,2026-05-01,Yesss baby 🥵 Look how fucking delicious my spread ass looks. I'm gonna bury your face with it 😏,19.0,1,19.0,15.2,1,1,1.0,2,"photo, video",,23,,direct,2026-01-01,2026-06-29,2026-06-29_11-26-02_onlyfans_native_messages_2026-01-01_to_2026-06-29.json,2026-06-29T11:26:13,b080a113e5d2ee40647dccda4f504acec6162dd5951382922932bb3ab8f33360
OnlyFans,37820218809,direct,2026-03-30T00:38:41+00:00,2026-03-30,"I just want to be a cum filled slut for you baby, imagine us fucking like this.. have you seen it? 😈",17.0,1,17.0,13.6,1,1,1.0,2,video,,59,,direct,2026-01-01,2026-06-29,2026-06-29_11-26-02_onlyfans_native_messages_2026-01-01_to_2026-06-29.json,2026-06-29T11:26:13,72619b448d98a3de1b82d23c2d8ef480b63363d2d595046c574ec464a5e5f772
OnlyFans,39572376992,direct,2026-05-02T18:53:34+00:00,2026-05-02,Maybe you could start eating that fat ass for me and encourage all those farts come to the surface? 🥵,15.0,1,15.0,12.0,1,1,1.0,1,video,,14,,direct,2026-01-01,2026-06-29,2026-06-29_11-26-02_onlyfans_native_messages_2026-01-01_to_2026-06-29.json,2026-06-29T11:26:13,f44a6d780f6842af220c5e274e6061d8ea15abf5ddc5394169d167aa45ce7146
OnlyFans,39484540697,direct,2026-05-01T01:32:16+00:00,2026-05-01,OnlyFans message 39484540697,15.0,1,15.0,12.0,1,1,1.0,2,"photo, video",,28,,direct,2026-01-01,2026-06-29,2026-06-29_11-26-02_onlyfans_native_messages_2026-01-01_to_2026-06-29.json,2026-06-29T11:26:13,f75132bfd35b7f7efa06c7a437c41fa3b87dbbab81bf34ac7d0846c8e2a6d4f1
OnlyFans,39578315558,direct,2026-05-02T21:29:23+00:00,2026-05-02,"I want you to start with these nudes, open them up and tell me exactly how you would please your goddess 🥵",14.0,1,14.0,11.2,1,1,1.0,2,photo,,10,,direct,2026-01-01,2026-06-29,2026-06-29_11-26-02_onlyfans_native_messages_2026-01-01_to_2026-06-29.json,2026-06-29T11:26:13,f5084bcde4ea301bd62ec93f5d43e22a2c8f0b0abaada979ff8b333994f16e63
OnlyFans,39490537690,direct,2026-05-01T04:17:30+00:00,2026-05-01,Wanna see how good I look with my legs spread for you? 😈,12.0,1,12.0,9.6,1,1,1.0,1,photo,,21,,direct,2026-01-01,2026-06-29,2026-06-29_11-26-02_onlyfans_native_messages_2026-01-01_to_2026-06-29.json,2026-06-29T11:26:13,463aebe4ea5a56e9c4131e85e6799e0aa2c637fa7a548d5ab3ae80cf844e63d4
OnlyFans,39005934953,direct,2026-04-21T22:28:12+00:00,2026-04-21,"Mmm I couldn't resist showing you just how massive she really is.. My belly spilling forward while my tits hang heavy, leopard print straining to contain me 😈",10.0,1,10.0,8.0,1,1,1.0,1,photo,,42,,direct,2026-01-01,2026-06-29,2026-06-29_11-26-02_onlyfans_native_messages_2026-01-01_to_2026-06-29.json,2026-06-29T11:26:13,db49e1a447d72dbaa8321855e2fd7c8715f15afbdeef514be64adb17981b6e02
OnlyFans,38216598161,direct,2026-04-06T19:06:05+00:00,2026-04-06,You're too sweet.. ok wait.. You've gotta see this one. I got way too turned on after that chat and ended up showing a lot more skin than I meant to 😏,10.0,1,10.0,8.0,1,1,1.0,1,photo,,43,,direct,2026-01-01,2026-06-29,2026-06-29_11-26-02_onlyfans_native_messages_2026-01-01_to_2026-06-29.json,2026-06-29T11:26:13,1f5ee0601f14a04539dfffb9f22d726250deb12f115caf1c7306e38a89bdf318
OnlyFans,37814937243,direct,2026-03-29T22:12:45+00:00,2026-03-29,"This thong's fighting for its life trying to cover me 🤭 wanna see how much I'm spilling out of it, John?",10.0,1,10.0,8.0,1,1,1.0,1,photo,,65,,direct,2026-01-01,2026-06-29,2026-06-29_11-26-02_onlyfans_native_messages_2026-01-01_to_2026-06-29.json,2026-06-29T11:26:13,570329f6e1e956606b5f3149bb9690fc55dc2c4b1e4676a23fc342604d72faf6
OnlyFans,39487331506,direct,2026-05-01T02:48:27+00:00,2026-05-01,Wanna see how good it looks with those panties peeled off? 😏,7.0,1,7.0,5.6,1,1,1.0,1,photo,,25,,direct,2026-01-01,2026-06-29,2026-06-29_11-26-02_onlyfans_native_messages_2026-01-01_to_2026-06-29.json,2026-06-29T11:26:13,85c8311c88924d1f0a4c420366c9db5c2ac841bc59004aa433b97948180afb1e
OnlyFans,39486275654,direct,2026-05-01T02:19:37+00:00,2026-05-01,I want you between these cheeks so bad 🤤 Wanna peel these panties off of me?,7.0,1,7.0,5.6,1,1,1.0,2,photo,,27,,direct,2026-01-01,2026-06-29,2026-06-29_11-26-02_onlyfans_native_messages_2026-01-01_to_2026-06-29.json,2026-06-29T11:26:13,5cffec49128c8fd7a55feb662cb85d7911731620ad34685211369f4a8aeaf468
OnlyFans,37816378000,direct,2026-03-29T22:50:25+00:00,2026-03-29,"You're definitely into dark, gritty shit huh 😈 wait baby.. I need you dripping for this one. My fat tits are out, nipples hard, belly soft and heavy.. stroke while you unlock it for me 😏",7.0,1,7.0,5.6,1,1,1.0,1,photo,,63,,direct,2026-01-01,2026-06-29,2026-06-29_11-26-02_onlyfans_native_messages_2026-01-01_to_2026-06-29.json,2026-06-29T11:26:13,fef135a9a4b845509ce6a3a894b234ceef33eb946b865c5f57269577aebd778c
OnlyFans,37773125374,direct,2026-03-29T01:41:19+00:00,2026-03-29,"That sounds so hot baby.. Wait before we go deeper, I want you to see how I look with a donut in my mouth and my bra struggling to hold me 😈 you'll lose it when you see my belly.",5.0,1,5.0,4.0,1,1,1.0,1,photo,,67,,direct,2026-01-01,2026-06-29,2026-06-29_11-26-02_onlyfans_native_messages_2026-01-01_to_2026-06-29.json,2026-06-29T11:26:13,4fc34e46ab04499260bb1b832b3238d2862e32e33406b2541a15b90933dd3e47
OnlyFans,41522961382,direct,2026-06-09T22:38:47+00:00,2026-06-09,"Hey Parker! I've got your video ready for you, I hope you enjoy! 💜",3.0,1,3.0,2.4,1,1,1.0,1,video,,1,,direct,2026-01-01,2026-06-29,2026-06-29_11-26-02_onlyfans_native_messages_2026-01-01_to_2026-06-29.json,2026-06-29T11:26:13,8ec8d08592847b92240a4ef5bdc36b317370e2fa153ab707a0450b6a961ffe61
OnlyFans,33997474819,group,2026-01-10T21:38:30+00:00,2026-01-10,"Hi babe! I had so much fun baking this holiday season, thank you again for your contribution. I hope you’ll enjoy watching a little oily belly play while I test a new chocolate chip cookie recipe! 😘",,,,,6,6,1.0,1,video,12,,,group,2026-01-01,2026-06-29,2026-06-29_11-26-02_onlyfans_native_messages_2026-01-01_to_2026-06-29.json,2026-06-29T11:26:13,9e2d97458bb3a23a8d735819884b08874db56be750506d42d9f6dc0f42db5924
OnlyFans,39742691015,direct,2026-05-06T00:00:56+00:00,2026-05-06,I'd love to show you how good the view looks from under me 😈,17.0,,,,1,0,0.0,1,video,,3,,direct,2026-01-01,2026-06-29,2026-06-29_11-26-02_onlyfans_native_messages_2026-01-01_to_2026-06-29.json,2026-06-29T11:26:13,34873ac3ebdadac78856c5cba5c688a3397f849721217cb5fb420707adab2f84
OnlyFans,39740874517,direct,2026-05-05T23:16:11+00:00,2026-05-05,Oh yeah? Wanna see how good mine looks? 😈,14.0,,,,1,0,0.0,2,photo,,4,,direct,2026-01-01,2026-06-29,2026-06-29_11-26-02_onlyfans_native_messages_2026-01-01_to_2026-06-29.json,2026-06-29T11:26:13,7187591abad6d576aabd4346e6aeb93b8c7aa3cbae1ac619a273080b8355964b
OnlyFans,39583869055,direct,2026-05-02T23:51:33+00:00,2026-05-02,Do you wanna see how good it looks when I strip those panties off? 🥵,16.0,,,,1,0,0.0,2,photo,,6,,direct,2026-01-01,2026-06-29,2026-06-29_11-26-02_onlyfans_native_messages_2026-01-01_to_2026-06-29.json,2026-06-29T11:26:13,ad15178b816a23f4305e5f1d8e374b4dd8edd7ddf82bbb8db4943b60aae543a0
OnlyFans,39583797197,direct,2026-05-02T23:49:39+00:00,2026-05-02,What if I wanted to send you a video of my spread ass farting in your face? You don't think you could manage it? 😈,16.0,,,,1,0,0.0,1,video,,7,,direct,2026-01-01,2026-06-29,2026-06-29_11-26-02_onlyfans_native_messages_2026-01-01_to_2026-06-29.json,2026-06-29T11:26:13,a8c2c11f5012a6948ac9ee29def2a3e3e5a0d7b08cdd9826bfc0eb22dd219ed9
OnlyFans,39578197869,direct,2026-05-02T21:26:25+00:00,2026-05-02,I was just editing this video and thought you would enjoy the burps at the beginning! 😏,12.0,,,,1,0,0.0,2,"photo, video",,11,,direct,2026-01-01,2026-06-29,2026-06-29_11-26-02_onlyfans_native_messages_2026-01-01_to_2026-06-29.json,2026-06-29T11:26:13,193af758ddb39ffaa9535c54249c9302e33712efb469b3342494eb8c0ea128fa
OnlyFans,39577016327,direct,2026-05-02T20:55:48+00:00,2026-05-02,Mmm I thought so. 🤭 I was making a belly play video earlier and ended up belching right at the beginning! It felt so fucking good 🤤,16.0,,,,1,0,0.0,3,"photo, video",,12,,direct,2026-01-01,2026-06-29,2026-06-29_11-26-02_onlyfans_native_messages_2026-01-01_to_2026-06-29.json,2026-06-29T11:26:13,8b974e709c8d663edfd7c76ab4919ccb1cd9a8971e7632e02cf319b1fcfa45ba
OnlyFans,39574745962,direct,2026-05-02T19:57:22+00:00,2026-05-02,"I want you to have me dripping in your fucking cum baby? It'll feel so goood dripping down my big ass and my fat belly and pussy, just look how fucking soft I am today 😈",15.0,,,,1,0,0.0,2,photo,,13,,direct,2026-01-01,2026-06-29,2026-06-29_11-26-02_onlyfans_native_messages_2026-01-01_to_2026-06-29.json,2026-06-29T11:26:13,7f1d918ba8ac57c5f6e5b790b705ed5152801e1dad6cb056d61206266fe473aa
OnlyFans,39491987535,direct,2026-05-01T04:58:51+00:00,2026-05-01,Maybe you’d like this one of my fingering that tight bellybutton for you 😏,19.0,,,,1,0,0.0,1,video,,16,,direct,2026-01-01,2026-06-29,2026-06-29_11-26-02_onlyfans_native_messages_2026-01-01_to_2026-06-29.json,2026-06-29T11:26:13,e99ce29f3e54ed06416a3f71d5d72f213f15c51e1b4b5b8e232d0cadae7e03f6
OnlyFans,39491166492,direct,2026-05-01T04:35:27+00:00,2026-05-01,Would you want me in some sexy lingerie? Or completely naked while you fuck my big fat gut? 🥵,12.0,,,,1,0,0.0,2,photo,,18,,direct,2026-01-01,2026-06-29,2026-06-29_11-26-02_onlyfans_native_messages_2026-01-01_to_2026-06-29.json,2026-06-29T11:26:13,27f3f5b3e7416cb08ce31ae248cf19917d257d5da0f2c299683963ee1aef062a
OnlyFans,39491017507,direct,2026-05-01T04:31:13+00:00,2026-05-01,You're turning me on already baby 🤤 Do you like the way they hang? So fucking soft and warm.,5.0,,,,1,0,0.0,1,photo,,19,,direct,2026-01-01,2026-06-29,2026-06-29_11-26-02_onlyfans_native_messages_2026-01-01_to_2026-06-29.json,2026-06-29T11:26:13,71e94c76a2b3ef21cc6c53fce1ea2aec97f3e682709d94f9f0e9417799cfed81
OnlyFans,39490419976,direct,2026-05-01T04:14:09+00:00,2026-05-01,Wanna see how good that fat pussy looks? 😈,12.0,,,,1,0,0.0,1,photo,,22,,direct,2026-01-01,2026-06-29,2026-06-29_11-26-02_onlyfans_native_messages_2026-01-01_to_2026-06-29.json,2026-06-29T11:26:13,f1b0d0aacb0489906fbd41317e52f9e5d9dd8ca0e81a73fed4d21c7a069c603f
OnlyFans,39488375720,direct,2026-05-01T03:17:09+00:00,2026-05-01,Wanna see how good I look with my legs spread for you 😏,10.0,,,,1,0,0.0,1,photo,,24,,direct,2026-01-01,2026-06-29,2026-06-29_11-26-02_onlyfans_native_messages_2026-01-01_to_2026-06-29.json,2026-06-29T11:26:13,0675f99a51b79a72f5df6eb1be917dc6d3c424326a19e413c0f89351f0a04210
OnlyFans,39487230291,direct,2026-05-01T02:45:42+00:00,2026-05-01,"I think you'd love this video, it gives you that perfect view of my fat pussy in your face while I shove cakes into mine 🤤",22.0,,,,1,0,0.0,2,video,,26,,direct,2026-01-01,2026-06-29,2026-06-29_11-26-02_onlyfans_native_messages_2026-01-01_to_2026-06-29.json,2026-06-29T11:26:13,4e2bf04c6a72c3d84c9f516d894907027a3f8a8cf4829b7e0f48a255f4ac5ab7
OnlyFans,39483677506,direct,2026-05-01T01:08:59+00:00,2026-05-01,You love when I make you feel small don't you? 😈,19.99,,,,1,0,0.0,2,video,,29,,direct,2026-01-01,2026-06-29,2026-06-29_11-26-02_onlyfans_native_messages_2026-01-01_to_2026-06-29.json,2026-06-29T11:26:13,01a6f663d068c1f4d342c38d25fc0cb9d6b97adf81a19d57a85e5959572f8cd8
OnlyFans,39481023557,direct,2026-04-30T23:58:48+00:00,2026-04-30,"It's lovely to meet you Matthew! I think you'll love this video, imagine stuffing my face and rubbing my belly while we make out. So fucking hot 🥵",29.99,,,,1,0,0.0,2,video,,30,,direct,2026-01-01,2026-06-29,2026-06-29_11-26-02_onlyfans_native_messages_2026-01-01_to_2026-06-29.json,2026-06-29T11:26:13,c43db1f15d967ea6cb010ba25c5e719e00a37b1c6b2ad07d3693238b72dd8da9
OnlyFans,39366399483,direct,2026-04-28T19:58:07+00:00,2026-04-28,"It’s so hot feeding you fatter, soon you’ll be massive just like me baby 😈",24.0,,,,1,0,0.0,2,video,,34,,direct,2026-01-01,2026-06-29,2026-06-29_11-26-02_onlyfans_native_messages_2026-01-01_to_2026-06-29.json,2026-06-29T11:26:13,593d3af318cdf11bd51f57e23b48dfe563d15187a42943f7fc4d5c31e5892b41
OnlyFans,39327233106,direct,2026-04-28T01:37:40+00:00,2026-04-28,"These are a few photos from 2014, you can see where I started at 200lbs 😏",20.0,,,,1,0,0.0,4,photo,,35,,direct,2026-01-01,2026-06-29,2026-06-29_11-26-02_onlyfans_native_messages_2026-01-01_to_2026-06-29.json,2026-06-29T11:26:13,74822bb4a80b5ec279bd8ecce18177a158fcb86c3f50663a8226c0c3c9021c5c
OnlyFans,39320975209,direct,2026-04-27T22:38:10+00:00,2026-04-27,Here you go babe! I hope you have a good time with it 😈,36.99,,,,1,0,0.0,2,video,,36,,direct,2026-01-01,2026-06-29,2026-06-29_11-26-02_onlyfans_native_messages_2026-01-01_to_2026-06-29.json,2026-06-29T11:26:13,2b7bfa6a9a5f131a6af401904b83b4c6a070d74c53a232a3b60a4441dbd42abf
OnlyFans,39009762329,direct,2026-04-22T00:02:18+00:00,2026-04-22,I think you might love this one though if you haven't seen it 😘,29.0,,,,1,0,0.0,2,video,,38,,direct,2026-01-01,2026-06-29,2026-06-29_11-26-02_onlyfans_native_messages_2026-01-01_to_2026-06-29.json,2026-06-29T11:26:13,8bef44e41129f41113795d02fb623ba1057f666b02f602dd09c84e7d257e4684
OnlyFans,39009219912,direct,2026-04-21T23:48:15+00:00,2026-04-21,I can't believe i'm actually showing you these 😳 back when i was so much smaller.. It feels kinda dirty letting you see how far i've grown for you,20.0,,,,1,0,0.0,4,photo,,39,,direct,2026-01-01,2026-06-29,2026-06-29_11-26-02_onlyfans_native_messages_2026-01-01_to_2026-06-29.json,2026-06-29T11:26:13,293cf883603b7e11afdec5731ddef6a645c27698ac955680e3a64e762038f4fb
OnlyFans,39008293010,direct,2026-04-21T23:25:16+00:00,2026-04-21,"God that sounds so hot, baby 😈 wait before we keep going.. You've gotta see how thick and soft I look soaked in the bath while water runs down every curve",17.0,,,,1,0,0.0,2,video,,40,,direct,2026-01-01,2026-06-29,2026-06-29_11-26-02_onlyfans_native_messages_2026-01-01_to_2026-06-29.json,2026-06-29T11:26:13,16860df42f56425c07d449fa2d70ccdffcef36e221fab367e8a381a9813c4f7f
OnlyFans,39006947756,direct,2026-04-21T22:52:34+00:00,2026-04-21,You'd go crazy seeing where I started baby 😈 these are from before I got huge.. wanna see how far I've grown?,20.0,,,,1,0,0.0,4,photo,,41,,direct,2026-01-01,2026-06-29,2026-06-29_11-26-02_onlyfans_native_messages_2026-01-01_to_2026-06-29.json,2026-06-29T11:26:13,ecf2a73f32ff69bcd91bc7f66bd8d5a9b6ac26f2410791a642a5442b187ccdb8
OnlyFans,38216573617,direct,2026-04-06T19:05:28+00:00,2026-04-06,"You're gonna lose it over this one, baby.. every inch of my fat tits and soft belly on display just begging to be stroked to 🤤 unlock it and show me how hard you are for me.",7.0,,,,1,0,0.0,1,photo,,44,,direct,2026-01-01,2026-06-29,2026-06-29_11-26-02_onlyfans_native_messages_2026-01-01_to_2026-06-29.json,2026-06-29T11:26:13,c9888cec6f2dacb5979b5b297f3ae4dbd165eba6ff1dacc778d2dc987645d525
OnlyFans,38216324725,direct,2026-04-06T18:59:21+00:00,2026-04-06,"Then you need to see this up close, Josué 😏 that leopard top's clinging to me so tight my nipples keep slipping free.. wanna see how much it shows?",25.0,,,,1,0,0.0,1,photo,,45,,direct,2026-01-01,2026-06-29,2026-06-29_11-26-02_onlyfans_native_messages_2026-01-01_to_2026-06-29.json,2026-06-29T11:26:13,7d16009fca9f05a015feb555f62a361aa9361fde46c9b0a90f070e782ceea8fa
OnlyFans,38215043347,direct,2026-04-06T18:27:57+00:00,2026-04-06,"You better be ready to lose control, baby.. I'm pinning you under all 500+ pounds while I stuff myself full and jiggle my belly for you.. you'll cum hard watching this.",25.0,,,,1,0,0.0,2,video,,46,,direct,2026-01-01,2026-06-29,2026-06-29_11-26-02_onlyfans_native_messages_2026-01-01_to_2026-06-29.json,2026-06-29T11:26:13,567e253e5cf589d7b712187ef5f8b64371b7d85cfae5eb86d6077788231c920a
OnlyFans,38214903864,direct,2026-04-06T18:24:30+00:00,2026-04-06,"Then you're gonna love this, baby 😈 all that fat rippling and bouncing just for you.. think you could last through it without cumming?",16.0,,,,1,0,0.0,2,video,,47,,direct,2026-01-01,2026-06-29,2026-06-29_11-26-02_onlyfans_native_messages_2026-01-01_to_2026-06-29.json,2026-06-29T11:26:13,cbdf754efbc232bb11a97ed741e6c0b1fb4fe31a0b11363cac5912aadcb20ec7
OnlyFans,38214294074,direct,2026-04-06T18:09:29+00:00,2026-04-06,"Fuck.. you'd cum even faster if you saw how small I used to be.. wanna compare my old curves to how massive I've gotten? Which pose turns you on most here, my ass or belly? 🤤💜",20.0,,,,1,0,0.0,4,photo,,48,,direct,2026-01-01,2026-06-29,2026-06-29_11-26-02_onlyfans_native_messages_2026-01-01_to_2026-06-29.json,2026-06-29T11:26:13,6fcfb0225e6d72ffb039e070e0555b7062c4af518207776e7c24400a23d723d2
OnlyFans,38214059449,direct,2026-04-06T18:03:40+00:00,2026-04-06,"Because being fat makes me feel unstoppable.. soft, huge, and worship-worthy.. speaking of that, you need to see how insanely big I look in this leopard thong 💦",10.0,,,,1,0,0.0,1,photo,,49,,direct,2026-01-01,2026-06-29,2026-06-29_11-26-02_onlyfans_native_messages_2026-01-01_to_2026-06-29.json,2026-06-29T11:26:13,2e963eb3156d3a8d9c10e0352c9d05e5fab682ffa0af99e6e83f13b485033b8f
OnlyFans,38213871469,direct,2026-04-06T17:58:58+00:00,2026-04-06,Lol you're not wrong babe 😈 and now you got me feeling wild enough to show you something I never let anyone see.. I can't believe I'm actually revealing this much 🤭,10.0,,,,1,0,0.0,1,photo,,51,,direct,2026-01-01,2026-06-29,2026-06-29_11-26-02_onlyfans_native_messages_2026-01-01_to_2026-06-29.json,2026-06-29T11:26:13,8a29dfff37925dbd9080587ef5b4be0468ae531358f563d29ebb22c18c60cf73
OnlyFans,38211771103,direct,2026-04-06T17:06:01+00:00,2026-04-06,Josué.. this one might drive you crazy 😏 My belly's huge and glistening while I moan and rub it after every bite Do you like how my teal bikini barely holds me in?,30.0,,,,1,0,0.0,2,video,,54,,direct,2026-01-01,2026-06-29,2026-06-29_11-26-02_onlyfans_native_messages_2026-01-01_to_2026-06-29.json,2026-06-29T11:26:13,a8f61cf9d801ed7421aea8acd058a0603b4ff6e16ccb40625508fcca0eea88c2
OnlyFans,37822332363,direct,2026-03-30T01:40:37+00:00,2026-03-30,Is it looking round enough for you babe? 🤤,12.0,,,,1,0,0.0,1,photo,,55,,direct,2026-01-01,2026-06-29,2026-06-29_11-26-02_onlyfans_native_messages_2026-01-01_to_2026-06-29.json,2026-06-29T11:26:13,a259874f451a17824644142028e446fa1af5891cc62681ae395aa6b4c9aa1173
OnlyFans,37821620918,direct,2026-03-30T01:19:49+00:00,2026-03-30,"Hmmm, I don't have anything exactly like that but you might like this one 😏",20.0,,,,1,0,0.0,2,video,,56,,direct,2026-01-01,2026-06-29,2026-06-29_11-26-02_onlyfans_native_messages_2026-01-01_to_2026-06-29.json,2026-06-29T11:26:13,c79076aac7f32f5d786be76b76cf29b8d3e3b4dbcc63ba4fb08e5a491653f06f
OnlyFans,37821297340,direct,2026-03-30T01:10:16+00:00,2026-03-30,I found something else you might like 😈 Just the two of us after our first date and I make this fat pussy cummmm just for you 🥵,16.0,,,,1,0,0.0,2,video,,57,,direct,2026-01-01,2026-06-29,2026-06-29_11-26-02_onlyfans_native_messages_2026-01-01_to_2026-06-29.json,2026-06-29T11:26:13,442a84d1d9d92b8d7466104a5fc4ffc0c4720b8902f3fdf0093b1fffa5447d5f
OnlyFans,37820287982,direct,2026-03-30T00:40:40+00:00,2026-03-30,"You're such a sweetheart 😘 wait before I melt completely, you should see how small I used to be. Crazy seeing how far I've come 😈",20.0,,,,1,0,0.0,4,photo,,58,,direct,2026-01-01,2026-06-29,2026-06-29_11-26-02_onlyfans_native_messages_2026-01-01_to_2026-06-29.json,2026-06-29T11:26:13,de1c311dde63c3b5871a76baae0a613067a9fdbc84c979be52c2486f86c1e2fe
OnlyFans,37819924940,direct,2026-03-30T00:30:15+00:00,2026-03-30,Ok wait.. I never show these But you've got me feeling bold.. these are from before I got huge.. wanna see how tiny I used to be?,20.0,,,,1,0,0.0,4,photo,,60,,direct,2026-01-01,2026-06-29,2026-06-29_11-26-02_onlyfans_native_messages_2026-01-01_to_2026-06-29.json,2026-06-29T11:26:13,a38de1d06fc5519602fa0a5d6e6570461992ee326b7fd3b672f799c6ae6da20b
OnlyFans,37817963776,direct,2026-03-29T23:33:54+00:00,2026-03-29,"Baby.. you can imagine that, but I want you to see how close I get to ruining that thong for you 😈 what do you think of me in leopard print like this?",10.0,,,,1,0,0.0,1,photo,,61,,direct,2026-01-01,2026-06-29,2026-06-29_11-26-02_onlyfans_native_messages_2026-01-01_to_2026-06-29.json,2026-06-29T11:26:13,29bad13956509577721c483217efacc9baf09ad21c3188e8d2ad17ce18c98b5b
OnlyFans,37817506943,direct,2026-03-29T23:21:12+00:00,2026-03-29,Depends how well he handles me.. speaking of that.. you should see how this outfit clings to all my curves.,10.0,,,,1,0,0.0,1,photo,,62,,direct,2026-01-01,2026-06-29,2026-06-29_11-26-02_onlyfans_native_messages_2026-01-01_to_2026-06-29.json,2026-06-29T11:26:13,be46c620087f936d4188361d65cf338ebaada4a0a5d8158ac33c42024463d870
OnlyFans,37815606303,direct,2026-03-29T22:30:07+00:00,2026-03-29,"Ok then baby.. this one's all you 😈 I'm in just a tiny bikini with a whole pizza, rubbing my belly, burping, and cumming while I stuff myself full.. you need to see how hard I shake when I finish 🥵",25.0,,,,1,0,0.0,2,video,,64,,direct,2026-01-01,2026-06-29,2026-06-29_11-26-02_onlyfans_native_messages_2026-01-01_to_2026-06-29.json,2026-06-29T11:26:13,c90e6acfa4dba7e757bf4e8518c4daa20deb521f8d7d2158e8c611b6668744cd
OnlyFans,37807389759,direct,2026-03-29T18:57:23+00:00,2026-03-29,"I was thinking about you dissolving into a stinky fart, and was wondering if you'd seen this video of mine. I think you'd love the ending 😈",29.99,,,,1,0,0.0,2,video,,66,,direct,2026-01-01,2026-06-29,2026-06-29_11-26-02_onlyfans_native_messages_2026-01-01_to_2026-06-29.json,2026-06-29T11:26:13,4f2a99e54500bec6f840ebec0a6cc51abda391959bb81440f3a85f6072213875
OnlyFans,37767900436,direct,2026-03-28T23:16:30+00:00,2026-03-28,This one I'm chatting and showing off my current clothes vs some of my outgrown items and take a smoke break in the middle 🤭,29.99,,,,1,0,0.0,1,video,,68,,direct,2026-01-01,2026-06-29,2026-06-29_11-26-02_onlyfans_native_messages_2026-01-01_to_2026-06-29.json,2026-06-29T11:26:13,fe651f8bb9452b866eae5c10708e0111e8d2660c331cc567975b59fb36ba8a34
OnlyFans,37767840528,direct,2026-03-28T23:14:54+00:00,2026-03-28,This video is like a voyeur vibe where I'm smoking while I do my make makeup and get dressed for the day 😘,24.99,,,,1,0,0.0,2,video,,69,,direct,2026-01-01,2026-06-29,2026-06-29_11-26-02_onlyfans_native_messages_2026-01-01_to_2026-06-29.json,2026-06-29T11:26:13,f4ead469e75d2f0b9e9a4aeff371996d0a1423880cf37341296a6731705ca77f
OnlyFans,37378728991,direct,2026-03-21T01:06:13+00:00,2026-03-21,OnlyFans message 37378728991,24.99,,,,1,0,0.0,1,video,,70,,direct,2026-01-01,2026-06-29,2026-06-29_11-26-02_onlyfans_native_messages_2026-01-01_to_2026-06-29.json,2026-06-29T11:26:13,93b52ab918952c9df6a8188f9c8517695c38e47e7af731b10a47ded20119b2c6
OnlyFans,37077164061,direct,2026-03-14T20:54:00+00:00,2026-03-14,Looks like you’ve been caught 🤭 Can’t you just see yourself being dropped into my cavernous wet mouth and sliding down my throat? 👅,15.0,,,,1,0,0.0,1,photo,,71,,direct,2026-01-01,2026-06-29,2026-06-29_11-26-02_onlyfans_native_messages_2026-01-01_to_2026-06-29.json,2026-06-29T11:26:13,890c1437c2df4af716b81918645b8f70c3928bbd8c597ccc76543ca5829df1cd
OnlyFans,36945020356,direct,2026-03-12T03:05:53+00:00,2026-03-12,OnlyFans message 36945020356,50.0,,,,1,0,0.0,1,audio,,72,,direct,2026-01-01,2026-06-29,2026-06-29_11-26-02_onlyfans_native_messages_2026-01-01_to_2026-06-29.json,2026-06-29T11:26:13,34902dc770ee98cf98e2ba1b9126c257e18c47a662881b367e0e35e7baffb44a
OnlyFans,36847955276,direct,2026-03-10T03:23:41+00:00,2026-03-10,Swallow every drop 💛💧,85.0,,,,1,0,0.0,1,video,,80,,direct,2026-01-01,2026-06-29,2026-06-29_11-26-02_onlyfans_native_messages_2026-01-01_to_2026-06-29.json,2026-06-29T11:26:13,ef26a2fc25587c09c64dc67f80e10228ed4f684fd23992db50f6f30aded8fcf0
