calendar_type,date,title,status,priority,days_from_today,days_live,canonical_content_id,content_group,platforms,sales,lifetime_gross,lifetime_net,latest_7_net,mtd_net,ytd_net,net_per_day,first_offered_basis,first_offered_confidence,promo_angle,target_platforms,price_plan,notes,source
Released,2018-01-10,Squirting and Fishnets,released,,-3095,3096,Video 0024,Video,ManyVids,1,4.98,2.99,,,,0.0,master content release date,high,,ManyVids,,,content_group_summary
Released,2018-03-02,Squeaky Chair Big Girl,released,,-3044,3045,Video 0027,Video,ManyVids,1,4.98,2.99,,,,0.0,master content release date,high,,ManyVids,,,content_group_summary
Released,2018-06-20,Hitachi Makes Me Squirt,released,,-2934,2935,Video 0031,Video,ManyVids,2,9.97,5.98,,,5.98,0.0,master content release date,high,,ManyVids,,,content_group_summary
Released,2018-10-11,Big Horny Housewife,released,,-2821,2822,Video 0035,Video,ManyVids,6,29.9,17.94,,,17.94,0.01,master content release date,high,,ManyVids,,,content_group_summary
Released,2018-11-19,Fat Goddess Fucks Pussy,released,,-2782,2783,Video 0037,Video,ManyVids,3,14.95,8.97,,,8.97,0.0,master content release date,high,,ManyVids,,,content_group_summary
Released,2018-12-01,Lady Needs Your Cum,released,,-2770,2771,Video 0038,Video,ManyVids,1,4.98,2.99,,,,0.0,master content release date,high,,ManyVids,,,content_group_summary
Released,2019-02-18,I Need V-day Dick,released,,-2691,2692,Video 0041,Video,ManyVids,2,9.97,5.98,,,5.98,0.0,master content release date,high,,ManyVids,,,content_group_summary
Released,2019-03-21,Lady in Black,released,,-2660,2661,Video 0042,Video,ManyVids,3,14.95,8.97,,,8.97,0.0,master content release date,high,,ManyVids,,,content_group_summary
Released,2019-04-30,Lady Loves to Play,released,,-2620,2621,Video 0045,Video,ManyVids,1,4.98,2.99,,,,0.0,master content release date,high,,ManyVids,,,content_group_summary
Released,2019-05-28,Fat Girl in Skimpy Lingerie,released,,-2592,2593,Video 0047,Video,ManyVids,3,14.95,8.97,,,8.97,0.0,master content release date,high,,ManyVids,,,content_group_summary
Released,2019-07-26,Sexy Soft Curves,released,,-2533,2534,Video 0049,Video,ManyVids,2,9.97,5.98,,,5.98,0.0,master content release date,high,,ManyVids,,,content_group_summary
Released,2019-08-07,Jack Off To My Fat,released,,-2521,2522,Video 0050,Video,ManyVids,1,4.98,2.99,,,,0.0,master content release date,high,,ManyVids,,,content_group_summary
Released,2019-09-03,Bouncing Twerking and Grinding,released,,-2494,2495,Video 0052,Video,ManyVids,1,4.98,2.99,,,,0.0,master content release date,high,,ManyVids,,,content_group_summary
Released,2019-09-13,Weight on Your Chest,released,,-2484,2485,Video 0053,Video,Clips4Sale,3,35.95,21.57,,,21.57,0.01,master content release date,high,,Clips4Sale,,,content_group_summary
Released,2019-09-20,Devouring Powdered Donuts,released,,-2477,2478,Video 0054,Video,ManyVids,1,4.98,2.99,,,,0.0,master content release date,high,,ManyVids,,,content_group_summary
Released,2019-10-05,65 Inch Ass Worship,released,,-2462,2463,Video 0055,Video,Clips4Sale,1,9.98,5.99,,,5.99,0.0,master content release date,high,,Clips4Sale,,,content_group_summary
Released,2019-10-05,Chubby Squirting Pussy,released,,-2462,2463,Video 0056,Video,ManyVids,4,19.93,11.96,,,11.96,0.0,master content release date,high,,ManyVids,,,content_group_summary
Released,2019-10-23,Touring My Fat Jiggly Body,released,,-2444,2445,Video 0057,Video,"Clips4Sale, ManyVids",3,20.95,12.57,,,12.57,0.01,master content release date,high,,"Clips4Sale, ManyVids",,,content_group_summary
Released,2019-10-24,Begging for Your Cock,released,,-2443,2444,Video 0058,Video,"ManyVids, OnlyFans",2,23.98,18.19,,,,0.01,master content release date,high,,"ManyVids, OnlyFans",,,content_group_summary
Released,2019-11-01,Not in Kansas,released,,-2435,2436,Video 0059,Video,ManyVids,5,24.92,14.95,2.99,,14.95,0.01,master content release date,high,,ManyVids,,,content_group_summary
Released,2019-11-13,Fuck Me POV,released,,-2423,2424,Video 0061,Video,"ManyVids, ModelCentro",2,19.97,13.1,,,13.1,0.01,master content release date,high,,"ManyVids, ModelCentro",,,content_group_summary
Released,2019-11-19,50 Wing Binge,released,,-2417,2418,Video 0062,Video,ManyVids,1,4.98,2.99,,,,0.0,master content release date,high,,ManyVids,,,content_group_summary
Released,2019-11-19,Juicy Pussy Play,released,,-2417,2418,Video 0063,Video,ManyVids,1,4.98,2.99,,,,0.0,master content release date,high,,ManyVids,,,content_group_summary
Released,2019-11-29,Oiled-Up Bouncing,released,,-2407,2408,Video 0064,Video,Clips4Sale,2,23.97,14.38,,,14.38,0.01,master content release date,high,,Clips4Sale,,,content_group_summary
Released,2019-12-30,BBW Bubble Bath,released,,-2376,2377,Video 0066,Video,Clips4Sale,1,13.98,8.39,,,8.39,0.0,master content release date,high,,Clips4Sale,,,content_group_summary
Released,2020-01-14,Fatty in the Shower,released,,-2361,2362,Video 0069,Video,"Clips4Sale, ManyVids",2,19.96,11.98,,,11.98,0.01,master content release date,high,,"Clips4Sale, ManyVids",,,content_group_summary
Released,2020-02-16,Jiggly Catwalk,released,,-2328,2329,Video 0072,Video,Clips4Sale,2,17.97,10.78,,,10.78,0.0,master content release date,high,,Clips4Sale,,,content_group_summary
Released,2020-03-15,Big Ass in Blue Jeans,released,,-2300,2301,Video 0074,Video,Clips4Sale,1,12.98,7.79,,,7.79,0.0,master content release date,high,,Clips4Sale,,,content_group_summary
Released,2020-04-01,BBW Twerks and Fucks With Toy,released,,-2283,2284,Video 0077,Video,ModelCentro,2,25.98,17.52,,,17.52,0.01,master content release date,high,,ModelCentro,,,content_group_summary
Released,2020-04-05,Fat Stripper Gives You a Lapdance,released,,-2279,2280,Video 0078,Video,"Clips4Sale, ManyVids",4,43.93,26.36,,,26.36,0.01,master content release date,high,,"Clips4Sale, ManyVids",,,content_group_summary
Released,2020-04-11,Horny Pillow Grinding,released,,-2273,2274,Video 0079,Video,"Clips4Sale, ManyVids",5,48.91,29.35,,,29.35,0.01,master content release date,high,,"Clips4Sale, ManyVids",,,content_group_summary
Released,2020-04-19,Cum in My Hairy Pussy,released,,-2265,2266,Video 0080,Video,"ManyVids, ModelCentro",2,15.97,10.33,,,10.33,0.0,master content release date,high,,"ManyVids, ModelCentro",,,content_group_summary
Released,2020-04-25,Flopping My Fat Around,released,,-2259,2260,Video 0082,Video,"Clips4Sale, ManyVids",2,15.96,9.58,,,9.58,0.0,master content release date,high,,"Clips4Sale, ManyVids",,,content_group_summary
Released,2020-06-07,400lbs Bouncing on Your Cock,released,,-2216,2217,Video 0090,Video,ManyVids,1,7.98,4.79,4.79,,,0.0,master content release date,high,,ManyVids,,,content_group_summary
Released,2020-06-07,Snack Cake Stuffing,released,,-2216,2217,Video 0091,Video,Clips4Sale,1,15.98,9.59,,,9.59,0.0,master content release date,high,,Clips4Sale,,,content_group_summary
Released,2020-06-14,POV Fucking and Sucking,released,,-2209,2210,Video 0092,Video,ManyVids,2,23.97,14.38,,,14.38,0.01,master content release date,high,,ManyVids,,,content_group_summary
Released,2020-07-05,Smoking and Sensual Rubbing,released,,-2188,2189,Video 0094,Video,Clips4Sale,4,39.93,23.96,,,23.96,0.01,master content release date,high,,Clips4Sale,,,content_group_summary
Released,2020-07-13,Huge Twerking Ass and Dripping Chubby Pussy,released,,-2180,2181,Video 0095,Video,ManyVids,1,11.98,7.19,7.19,,7.19,0.0,master content release date,high,,ManyVids,,,content_group_summary
Released,2020-07-26,Tight Dress Belly Bouncing,released,,-2167,2168,Video 0097,Video,"Clips4Sale, ManyVids",5,29.92,17.95,,,17.95,0.01,master content release date,high,,"Clips4Sale, ManyVids",,,content_group_summary
Released,2020-08-02,Cover You In Cum POV,released,,-2160,2161,Video 0098,Video,Clips4Sale,5,49.92,29.95,,,29.95,0.01,master content release date,high,,Clips4Sale,,,content_group_summary
Released,2020-08-05,Fattened Up For Master Part II,released,,-2157,2158,Video 0099,Video,ManyVids,1,19.98,11.99,,,11.99,0.01,master content release date,high,,ManyVids,,,content_group_summary
Released,2020-08-09,Ass Worship in Tights and Heels,released,,-2153,2154,Video 0100,Video,Clips4Sale,1,10.98,6.59,,,6.59,0.0,master content release date,high,,Clips4Sale,,,content_group_summary
Released,2020-08-23,Hot Pink Catwalk and Fat Bouncing,released,,-2139,2140,Video 0102,Video,"Clips4Sale, ManyVids",3,23.95,14.37,,,14.37,0.01,master content release date,high,,"Clips4Sale, ManyVids",,,content_group_summary
Released,2020-09-14,Oiled BBW Slides Naked on Air Mattress,released,,-2117,2118,Video 0104,Video,ManyVids,1,10.98,6.59,,,6.59,0.0,master content release date,high,,ManyVids,,,content_group_summary
Released,2020-09-14,Spying on Your Hot Roommate,released,,-2117,2118,Video 0105,Video,ManyVids,1,10.98,6.59,,,6.59,0.0,master content release date,high,,ManyVids,,,content_group_summary
Released,2020-09-27,Full Body Measurements,released,,-2104,2105,Video 0107,Video,Clips4Sale,1,8.98,5.39,,,5.39,0.0,master content release date,high,,Clips4Sale,,,content_group_summary
Released,2020-10-18,Solo Shower Sex,released,,-2083,2084,Video 0110,Video,"Clips4Sale, ManyVids",2,21.96,13.18,,,13.18,0.01,master content release date,high,,"Clips4Sale, ManyVids",,,content_group_summary
Released,2020-10-24,Stuffing My Face With Pizza,released,,-2077,2078,Video 0111,Video,"ManyVids, OnlyFans",25,902.74,719.2,,,8.99,0.35,master content release date,high,,"ManyVids, OnlyFans",,,content_group_summary
Released,2020-11-08,Sexy Body Bouncing and Jiggling,released,,-2062,2063,Video 0113,Video,Clips4Sale,1,9.98,5.99,,,5.99,0.0,master content release date,high,,Clips4Sale,,,content_group_summary
Released,2020-11-17,Ass Clapping and Dildo Riding,released,,-2053,2054,Video 0114,Video,ManyVids,1,10.98,6.59,,,6.59,0.0,master content release date,high,,ManyVids,,,content_group_summary
Released,2020-11-17,BBW Shower,released,,-2053,2054,exact-title:bbw-shower,Video,Clips4Sale,1,12.98,7.79,,,7.79,0.0,C4S date added,medium,,Clips4Sale,,,content_group_summary
Released,2020-11-29,Red Satin Shorts Fat Booty Worship,released,,-2041,2042,Video 0116,Video,Clips4Sale,5,34.92,20.95,,,20.95,0.01,master content release date,high,,Clips4Sale,,,content_group_summary
Released,2020-12-13,Cozy Winter Pussy Play,released,,-2027,2028,Video 0117,Video,ManyVids,1,7.98,4.79,,,4.79,0.0,master content release date,high,,ManyVids,,,content_group_summary
Released,2021-01-03,Your Cum Makes Me Gain,released,,-2006,2007,Video 0119,Video,"Clips4Sale, ManyVids",6,71.9,43.14,,,43.14,0.02,master content release date,high,,"Clips4Sale, ManyVids",,,content_group_summary
Released,2021-01-10,Fat Nut on My Tits,released,,-1999,2000,Video 0120,Video,Clips4Sale,1,14.98,8.99,,,8.99,0.0,master content release date,high,,Clips4Sale,,,content_group_summary
Released,2021-01-27,Smoky BJ and Pussy Vibe,released,,-1982,1983,Video 0121,Video,Clips4Sale,2,25.97,15.58,,,15.58,0.01,master content release date,high,,Clips4Sale,,,content_group_summary
Released,2021-01-31,Persimmon Season - Ripe Series vol. 1,released,,-1978,1979,Video 0122,Video,ManyVids,1,15.98,9.59,,,9.59,0.0,master content release date,high,,ManyVids,,,content_group_summary
Released,2021-02-19,Getting Naughty at the Airbnb,released,,-1959,1960,Video 0123,Video,ManyVids,2,23.97,14.38,,,14.38,0.01,master content release date,high,,ManyVids,,,content_group_summary
Released,2021-03-04,Stroke and Cum Together,released,,-1946,1947,Video 0124,Video,Clips4Sale,2,25.97,15.58,,,15.58,0.01,master content release date,high,,Clips4Sale,,,content_group_summary
Released,2021-03-14,Underwater Body Jiggle,released,,-1936,1937,Video 0125,Video,"ManyVids, ModelCentro",3,40.96,25.54,,,25.54,0.01,master content release date,high,,"ManyVids, ModelCentro",,,content_group_summary
Released,2021-03-25,Creampie My Pussy,released,,-1925,1926,Video 0126,Video,"ManyVids, ModelCentro",3,48.96,30.49,,,30.49,0.02,master content release date,high,,"ManyVids, ModelCentro",,,content_group_summary
Released,2021-04-04,BBW Striptease and Lapdance POV,released,,-1915,1916,Video 0128,Video,Clips4Sale,2,25.97,15.58,,,15.58,0.01,master content release date,high,,Clips4Sale,,,content_group_summary
Released,2021-04-29,Riding Your Face and Your Cock POV,released,,-1890,1891,Video 0130,Video,"ManyVids, ModelCentro",2,24.97,15.8,,,15.8,0.01,master content release date,high,,"ManyVids, ModelCentro",,,content_group_summary
Released,2021-05-24,Squirting Dildo Riding and Facial Cumshot,released,,-1865,1866,Video 0133,Video,ManyVids,3,38.95,23.37,,,23.37,0.01,master content release date,high,,ManyVids,,,content_group_summary
Released,2021-06-12,Fat Jiggly Ass,released,,-1846,1847,Video 0135,Video,"ManyVids, ModelCentro",2,20.97,13.33,,,13.33,0.01,master content release date,high,,"ManyVids, ModelCentro",,,content_group_summary
Released,2021-06-24,Struggling to Stand,released,,-1834,1835,Video 0137,Video,Clips4Sale,1,10.98,6.59,,,6.59,0.0,master content release date,high,,Clips4Sale,,,content_group_summary
Released,2021-07-12,Oiling Up My Fat,released,,-1816,1817,Video 0139,Video,ManyVids,1,16.98,10.19,,,10.19,0.01,master content release date,high,,ManyVids,,,content_group_summary
Released,2021-08-08,Dildo Fucking My Wet and Drippy Pussy,released,,-1789,1790,Video 0140,Video,Clips4Sale,1,16.98,10.19,,,10.19,0.01,master content release date,high,,Clips4Sale,,,content_group_summary
Released,2021-08-29,Cumming is the Best Exercise,released,,-1768,1769,Video 0142,Video,"Clips4Sale, ModelCentro",3,23.99,15.21,,,15.21,0.01,master content release date,high,,"Clips4Sale, ModelCentro",,,content_group_summary
Released,2021-09-03,Stripper Lets You Fuck in VIP - POV solo,released,,-1763,1764,Video 0143,Video,"Clips4Sale, ManyVids, ModelCentro",6,58.95,37.82,,,37.82,0.02,master content release date,high,,"Clips4Sale, ManyVids, ModelCentro",,,content_group_summary
Released,2021-09-06,Sweaty Fatty Makes You Lick Her Crevices,released,,-1760,1761,Video 0144,Video,ModelCentro,1,14.99,10.11,,,10.11,0.01,master content release date,high,,ModelCentro,,,content_group_summary
Released,2021-09-17,Spread and Begging for Anal,released,,-1749,1750,Video 0145,Video,"Clips4Sale, ManyVids, ModelCentro",5,45.97,28.4,,,28.4,0.02,master content release date,high,,"Clips4Sale, ManyVids, ModelCentro",,,content_group_summary
Released,2021-09-23,Feedee BBW Wants to Stop Gaining POV,released,,-1743,1744,Video 0146,Video,"Clips4Sale, ManyVids",3,33.98,20.39,,,20.39,0.01,master content release date,high,,"Clips4Sale, ManyVids",,,content_group_summary
Released,2021-09-26,Donut Stuffing and Glass Dildo Riding,released,,-1740,1741,Video 0147,Video,"Clips4Sale, ModelCentro",2,18.99,12.29,,,12.29,0.01,master content release date,high,,"Clips4Sale, ModelCentro",,,content_group_summary
Released,2021-10-02,Masturbating Together,released,,-1734,1735,Video 0148,Video,Clips4Sale,3,25.5,15.3,,,15.3,0.01,master content release date,high,,Clips4Sale,,,content_group_summary
Released,2021-10-09,Dripping On Your Face,released,,-1727,1728,Video 0149,Video,"Clips4Sale, ManyVids",3,27.98,16.79,,,16.79,0.01,master content release date,high,,"Clips4Sale, ManyVids",,,content_group_summary
Released,2021-10-19,Fat Naked Yoga,released,,-1717,1718,Video 0150,Video,"Clips4Sale, ManyVids",5,40.98,24.59,,,24.59,0.01,master content release date,high,,"Clips4Sale, ManyVids",,,content_group_summary
Released,2021-10-25,Fat Tease and Fucking,released,,-1711,1712,Video 0151,Video,"Clips4Sale, ManyVids",2,20.98,12.59,,,12.59,0.01,master content release date,high,,"Clips4Sale, ManyVids",,,content_group_summary
Released,2021-11-08,Feeling Myself in the Mirror,released,,-1697,1698,Video 0152,Video,Clips4Sale,2,17.0,10.2,,,10.2,0.01,master content release date,high,,Clips4Sale,,,content_group_summary
Released,2021-11-14,Fat Party Girl Gets the Wrong Room,released,,-1691,1692,Video 0153,Video,"Clips4Sale, ManyVids, ModelCentro",16,131.43,80.65,,,80.65,0.05,master content release date,high,,"Clips4Sale, ManyVids, ModelCentro",,,content_group_summary
Released,2021-11-23,Fat Bouncing in the Shower,released,,-1682,1683,Video 0154,Video,Clips4Sale,2,13.0,7.8,,,7.8,0.0,master content release date,high,,Clips4Sale,,,content_group_summary
Released,2021-12-06,Fuck Me in the Window,released,,-1669,1670,Video 0156,Video,Clips4Sale,2,14.0,8.4,,,8.4,0.01,master content release date,high,,Clips4Sale,,,content_group_summary
Released,2021-12-21,Jumping on the Squeaky Bed,released,,-1654,1655,Video 0157,Video,Clips4Sale,6,39.0,23.4,,,23.4,0.01,master content release date,high,,Clips4Sale,,,content_group_summary
Released,2021-12-26,Hiding from the Holiday Party,released,,-1649,1650,Video 0158,Video,"Clips4Sale, ManyVids",3,27.98,16.79,,,16.79,0.01,master content release date,high,,"Clips4Sale, ManyVids",,,content_group_summary
Released,2022-01-28,Jean Shorts Face-Sitting,released,,-1616,1617,Video 0159,Video,"Clips4Sale, ManyVids",6,38.48,23.09,,,23.09,0.01,master content release date,high,,"Clips4Sale, ManyVids",,,content_group_summary
Released,2022-02-16,Side-view Sucking and Riding,released,,-1597,1598,Video 0160,Video,"Clips4Sale, ManyVids",6,45.48,27.29,7.79,,27.29,0.02,master content release date,high,,"Clips4Sale, ManyVids",,,content_group_summary
Released,2022-03-15,Burrito Binge,released,,-1570,1571,Video 0161,Video,Clips4Sale,1,9.0,5.4,,,5.4,0.0,master content release date,high,,Clips4Sale,,,content_group_summary
Released,2022-03-29,POV Morning Sex,released,,-1556,1557,Video 0162,Video,"Clips4Sale, ManyVids, ModelCentro",8,69.46,42.49,7.41,7.41,42.49,0.03,master content release date,high,,"Clips4Sale, ManyVids, ModelCentro",,,content_group_summary
Released,2022-05-07,Kneel and Eat My Fat Pussy,released,,-1517,1518,Video 0163,Video,"Clips4Sale, ManyVids, ModelCentro",6,75.46,46.47,,,46.47,0.03,master content release date,high,,"Clips4Sale, ManyVids, ModelCentro",,,content_group_summary
Released,2022-11-29,BBW Catwalk Bounce and Tease in Heels,released,,-1311,1312,Video 0165,Video,"Clips4Sale, ManyVids",2,25.98,15.59,,5.4,15.59,0.01,master content release date,high,,"Clips4Sale, ManyVids",,,content_group_summary
Released,2022-12-16,SSBBW Giantess GFE,released,,-1294,1295,Video 0167,Video,Clips4Sale,5,42.5,25.5,,,25.5,0.02,master content release date,high,,Clips4Sale,,,content_group_summary
Released,2022-12-17,SSBBW Black Bikini Catwalk in Heels,released,,-1293,1294,Video 0168,Video,Clips4Sale,2,16.0,9.6,,,9.6,0.01,master content release date,high,,Clips4Sale,,,content_group_summary
Released,2022-12-30,BBW Bra Changing JOI w/ Cum Countdown,released,,-1280,1281,Video 0169,Video,Clips4Sale,1,9.5,5.7,,,5.7,0.0,master content release date,high,,Clips4Sale,,,content_group_summary
Released,2023-01-06,SSBBW No Hands Cake Stuffing,released,,-1273,1274,Video 0170,Video,Clips4Sale,5,35.0,21.0,,,21.0,0.02,master content release date,high,,Clips4Sale,,,content_group_summary
Released,2023-01-17,Milkshake and Soda Bloated Belly Belching,released,,-1262,1263,Video 0171,Video,"Clips4Sale, Curvage",7,58.92,39.89,8.04,8.04,39.89,0.03,master content release date,high,,"Clips4Sale, Curvage",,,content_group_summary
Released,2023-03-02,Little Black Dress SSBBW Catwalk,released,,-1218,1219,Video 0172,Video,Clips4Sale,1,9.0,5.4,,,5.4,0.0,master content release date,high,,Clips4Sale,,,content_group_summary
Released,2023-03-09,Fatty Catwalks in Blue Lace and Heels,released,,-1211,1212,Video 0173,Video,Clips4Sale,2,19.0,11.4,,,11.4,0.01,master content release date,high,,Clips4Sale,,,content_group_summary
Released,2023-03-15,Bouncing on Your Cock,released,,-1205,1206,Video 0174,Video,"Clips4Sale, ManyVids",6,48.98,29.39,,,29.39,0.02,master content release date,high,,"Clips4Sale, ManyVids",,,content_group_summary
Released,2023-04-25,Stuffing My Face with Fast Food,released,,-1164,1165,Video 0176,Video,Clips4Sale,3,28.5,17.1,,,17.1,0.01,master content release date,high,,Clips4Sale,,,content_group_summary
Released,2023-05-03,Fat Dom GF Makes you Clean Sweaty Ass and Pussy,released,,-1156,1157,Video 0177,Video,"Clips4Sale, ManyVids, ModelCentro",12,187.8,113.58,8.09,8.09,113.58,0.1,master content release date,high,,"Clips4Sale, ManyVids, ModelCentro",,,content_group_summary
Released,2023-05-03,Greedy pig devours KFC!,released,,-1156,1157,Video 0178,Video,Curvage,2,25.83,19.14,,,19.14,0.02,master content release date,high,,Curvage,,,content_group_summary
Released,2023-05-31,SSBBW Lingerie Tease and JOI w Countdown,released,,-1128,1129,Video 0182,Video,"Clips4Sale, ManyVids",2,31.96,19.18,,,19.18,0.02,master content release date,high,,"Clips4Sale, ManyVids",,,content_group_summary
Released,2023-06-07,Hot Fatty Stuffs a Dozen Ice Cream Sandwiches,released,,-1121,1122,Video 0183,Video,Curvage,2,18.49,13.58,,,13.58,0.01,master content release date,high,,Curvage,,,content_group_summary
Released,2023-06-13,SSBBW Shiny Slippery Oil Play,released,,-1115,1116,Video 0184,Video,ManyVids,1,16.98,10.19,,,10.19,0.01,master content release date,high,,ManyVids,,,content_group_summary
Released,2023-06-21,Chair Breaking Under Huge SSBBW,released,,-1107,1108,Video 0186,Video,"Clips4Sale, Curvage",11,264.42,165.49,,,165.49,0.15,master content release date,high,,"Clips4Sale, Curvage",,,content_group_summary
Released,2023-07-07,Fat Girl Walks in Sexy Black Bodystocking,released,,-1091,1092,Video 0187,Video,"Clips4Sale, ManyVids",4,71.93,43.16,,11.39,43.16,0.04,master content release date,high,,"Clips4Sale, ManyVids",,,content_group_summary
Released,2023-07-21,SSBBW Solo POV BJ and Fuck,released,,-1077,1078,Video 0188,Video,ManyVids,1,13.98,8.39,,,8.39,0.01,master content release date,high,,ManyVids,,,content_group_summary
Released,2023-07-31,Tight Clothes Make Growing SSBBW Horny,released,,-1067,1068,Video 0191,Video,"Clips4Sale, ModelCentro",5,75.93,47.65,9.44,,47.65,0.04,master content release date,high,,"Clips4Sale, ModelCentro",,,content_group_summary
Released,2023-08-24,Fatty Chugs Three Large Milkshakes,released,,-1043,1044,Video 0192,Video,"Clips4Sale, Curvage",3,70.89,48.73,,,48.73,0.05,master content release date,high,,"Clips4Sale, Curvage",,,content_group_summary
Released,2023-08-31,SSBBW Car Struggles and Topless Driving,released,,-1036,1037,Video 0194,Video,Clips4Sale,7,146.88,88.13,,,88.13,0.08,master content release date,high,,Clips4Sale,,,content_group_summary
Released,2023-09-03,SSBBW Loves Being Bigger Than You,released,,-1033,1034,Video 0195,Video,Clips4Sale,4,71.93,43.16,,,43.16,0.04,master content release date,high,,Clips4Sale,,,content_group_summary
Released,2023-09-06,Fat Fitness Instructor Causes Shaking,released,,-1030,1031,Video 0196,Video,Clips4Sale,1,13.98,8.39,,,8.39,0.01,master content release date,high,,Clips4Sale,,,content_group_summary
Released,2023-09-20,Worship My Fat SSBBW Body,released,,-1016,1017,Video 0197,Video,Clips4Sale,1,22.98,13.79,,,13.79,0.01,master content release date,high,,Clips4Sale,,,content_group_summary
Released,2023-10-05,Naked Fatty Tells You How to Stroke,released,,-1001,1002,Video 0198,Video,Clips4Sale,1,17.98,10.79,,,10.79,0.01,master content release date,high,,Clips4Sale,,,content_group_summary
Released,2023-10-05,Vibe Until I Cum,released,,-1001,1002,Video 0199,Video,"Clips4Sale, ManyVids, ModelCentro",7,96.89,59.1,,,59.1,0.06,master content release date,high,,"Clips4Sale, ManyVids, ModelCentro",,,content_group_summary
Released,2023-10-16,Gaining Cheerleader Girlfriend,released,,-990,991,Video 0200,Video,ModelCentro,1,17.99,12.14,12.14,12.14,12.14,0.01,master content release date,high,,ModelCentro,,,content_group_summary
Released,2023-10-18,Witch's Brew,released,,-988,989,Video 0201,Video,"Clips4Sale, ManyVids",4,63.94,38.36,,,38.36,0.04,master content release date,high,,"Clips4Sale, ManyVids",,,content_group_summary
Released,2023-11-18,Friends With Benefits,released,,-957,958,Video 0203,Video,"Clips4Sale, ManyVids, ModelCentro",18,299.72,183.18,10.11,10.11,183.18,0.19,master content release date,high,,"Clips4Sale, ManyVids, ModelCentro",,,content_group_summary
Released,2023-11-27,SSBBW Babe Gobbles Entire Pie,released,,-948,949,Video 0204,Video,Clips4Sale,1,23.98,14.39,,,14.39,0.02,master content release date,high,,Clips4Sale,,,content_group_summary
Released,2023-12-11,Bigger Than You Tease Part 2,released,,-934,935,Video 0206,Video,"Clips4Sale, Curvage, ManyVids",6,90.17,57.25,,,57.25,0.06,master content release date,high,,"Clips4Sale, Curvage, ManyVids",,,content_group_summary
Released,2023-12-17,SSBBW Gets Stuck in the Doorway,released,,-928,929,Video 0207,Video,"Clips4Sale, Curvage",8,123.65,82.06,,,82.06,0.09,master content release date,high,,"Clips4Sale, Curvage",,,content_group_summary
Released,2023-12-27,SSBBW Mrs Claus Lets You Eat Ass and Pussy,released,,-918,919,Video 0208,Video,"Clips4Sale, ManyVids",5,69.92,41.95,,,41.95,0.05,master content release date,high,,"Clips4Sale, ManyVids",,,content_group_summary
Released,2023-12-29,Morning SSBBW Fuck POV Solo,released,,-916,917,Video 0209,Video,"Clips4Sale, ManyVids",7,118.88,71.33,,,71.33,0.08,master content release date,high,,"Clips4Sale, ManyVids",,,content_group_summary
Released,2024-02-09,Jiggly Fatty Struts for You,released,,-874,875,Video 0213,Video,"Clips4Sale, Curvage",3,32.86,18.84,,,18.84,0.02,master content release date,high,,"Clips4Sale, Curvage",,,content_group_summary
Released,2024-02-22,SSBBW Jiggles Fat Thighs and Ass,released,,-861,862,Video 0214,Video,Clips4Sale,3,47.95,28.77,,,28.77,0.03,master content release date,high,,Clips4Sale,,,content_group_summary
Released,2024-03-09,Heavy Hanging Belly,released,,-845,846,Video 0215,Video,"Clips4Sale, ManyVids",6,83.9,50.34,8.39,,50.34,0.06,master content release date,high,,"Clips4Sale, ManyVids",,,content_group_summary
Released,2024-03-10,Horny SSBBW Succubus Grows for Your Cum POV,released,,-844,845,Video 0216,Video,"Clips4Sale, Curvage",8,136.12,90.09,,,90.09,0.11,master content release date,high,,"Clips4Sale, Curvage",,,content_group_summary
Released,2024-03-14,Horny SSBBW Teases Fat Pussy VISION PRO (Spatial Video),released,,-840,841,exact-title:horny-ssbbw-teases-fat-pussy-vision-pro-spatial-video,Video,Clips4Sale,1,12.98,7.79,,,7.79,0.01,C4S date added,medium,,Clips4Sale,,,content_group_summary
Released,2024-03-15,Seducing You Into Impregnation,released,,-839,840,Video 0218,Video,"Clips4Sale, ManyVids",8,135.87,81.52,,,81.52,0.1,master content release date,high,,"Clips4Sale, ManyVids",,,content_group_summary
Released,2024-03-18,Messy Whipped Cream Tits,released,,-836,837,Video 0219,Video,Clips4Sale,1,16.98,10.19,,,10.19,0.01,master content release date,high,,Clips4Sale,,,content_group_summary
Released,2024-03-23,Bouncing My Oiled-Up Fat,released,,-831,832,Video 0220,Video,"Clips4Sale, OnlyFans",2,31.97,19.18,,9.59,19.18,0.02,master content release date,high,,"Clips4Sale, OnlyFans",,,content_group_summary
Released,2024-03-31,Magical Belly Growth and Riding POV,released,,-823,824,Video 0221,Video,"Clips4Sale, ManyVids",11,252.82,151.69,,,151.69,0.18,master content release date,high,,"Clips4Sale, ManyVids",,,content_group_summary
Released,2024-04-01,Fatter Than the Pictures,released,,-822,823,Video 0222,Video,Clips4Sale,3,50.95,30.57,,,30.57,0.04,master content release date,high,,Clips4Sale,,,content_group_summary
Released,2024-04-01,Growing SSBBW Stuffs 5000 Calories While Sitting on You POV 🤤🌮,released,,-822,823,Video 0223,Video,"Clips4Sale, Curvage",4,98.67,62.55,,,62.55,0.08,master content release date,high,,"Clips4Sale, Curvage",,,content_group_summary
Released,2024-04-10,Jiggling SSBBW Working Out in Lingerie,released,,-813,814,Video 0224,Video,Curvage,1,17.76,13.17,,,13.17,0.02,master content release date,high,,Curvage,,,content_group_summary
Released,2024-04-10,Squirting on the First Date,released,,-813,814,Video 0225,Video,"Clips4Sale, ManyVids",9,227.85,136.71,,,136.71,0.17,master content release date,high,,"Clips4Sale, ManyVids",,,content_group_summary
Released,2024-04-12,SSBBW Stuffs Burgers POV (VISION PRO),released,,-811,812,exact-title:ssbbw-stuffs-burgers-pov-vision-pro,Video,Clips4Sale,2,47.97,28.78,,,28.78,0.04,C4S date added,medium,,Clips4Sale,,,content_group_summary
Released,2024-04-20,Cuckolded By Your Feedee Girlfriend,released,,-803,804,Video 0227,Video,"Clips4Sale, Curvage",5,76.9,47.97,,,47.97,0.06,master content release date,high,,"Clips4Sale, Curvage",,,content_group_summary
Released,2024-04-22,Worship My Sweaty Ass,released,,-801,802,Video 0228,Video,"Clips4Sale, ManyVids",13,272.79,163.67,,,163.67,0.2,master content release date,high,,"Clips4Sale, ManyVids",,,content_group_summary
Released,2024-04-24,Unaware SSBBW Smokes and Outgrows Clothes,released,,-799,800,Video 0229,Video,Clips4Sale,2,33.97,20.38,,,20.38,0.03,master content release date,high,,Clips4Sale,,,content_group_summary
Released,2024-05-02,Large Pizza and Fat Pussy,released,,-791,792,Video 0231,Video,Clips4Sale,3,74.95,44.97,,,44.97,0.06,master content release date,high,,Clips4Sale,,,content_group_summary
Released,2024-05-06,Your Wife Accidentally Gains,released,,-787,788,Video 0232,Video,"Clips4Sale, Curvage, ManyVids",10,224.72,138.78,,,138.78,0.18,master content release date,high,,"Clips4Sale, Curvage, ManyVids",,,content_group_summary
Released,2024-05-10,Your Fave Hookup Got Fat,released,,-783,784,Video 0233,Video,"Clips4Sale, Curvage",8,152.74,101.32,,,101.32,0.13,master content release date,high,,"Clips4Sale, Curvage",,,content_group_summary
Released,2024-05-13,Fucking My Creamy Fat Pussy,released,,-780,781,Video 0234,Video,ManyVids,8,95.87,57.52,7.19,,57.52,0.07,master content release date,high,,ManyVids,,,content_group_summary
Released,2024-05-16,Your Therapist Turns You Into a Feeder Part 1,released,,-777,778,Video 0235,Video,Clips4Sale,7,174.88,104.93,,,104.93,0.13,master content release date,high,,Clips4Sale,,,content_group_summary
Released,2024-06-07,Teasing You in My Mini Skirt,released,,-755,756,Video 0236,Video,ManyVids,1,10.98,6.59,,,6.59,0.01,master content release date,high,,ManyVids,,,content_group_summary
Released,2024-06-14,Horny SSBBW Jiggles for Your Cum,released,,-748,749,Video 0237,Video,"Clips4Sale, Curvage",6,100.59,61.85,,,61.85,0.08,master content release date,high,,"Clips4Sale, Curvage",,,content_group_summary
Released,2024-06-14,SSBBW Oiled Up Jiggling and Bouncing,released,,-748,749,Video 0238,Video,"Clips4Sale, ManyVids",3,60.95,36.57,,,36.57,0.05,master content release date,high,,"Clips4Sale, ManyVids",,,content_group_summary
Released,2024-06-21,SSBBW Giantess Rubs Pussy on You,released,,-741,742,Video 0239,Video,"Clips4Sale, ManyVids",7,104.88,62.93,,,62.93,0.08,master content release date,high,,"Clips4Sale, ManyVids",,,content_group_summary
Released,2024-06-25,Gaining SSBBW Makes Her Buttons Pop,released,,-737,738,Video 0240,Video,"Clips4Sale, Curvage, ManyVids",5,74.91,47.06,,,47.06,0.06,master content release date,high,,"Clips4Sale, Curvage, ManyVids",,,content_group_summary
Released,2024-07-01,Stuffing and Makeout POV,released,,-731,732,Video 0241,Video,"Clips4Sale, Curvage",18,457.57,302.14,,,302.14,0.41,master content release date,high,,"Clips4Sale, Curvage",,,content_group_summary
Released,2024-07-04,Crawling Back to Your Fat Mistress,released,,-728,729,Video 0242,Video,"Clips4Sale, ManyVids",6,77.9,46.74,,,46.74,0.06,master content release date,high,,"Clips4Sale, ManyVids",,,content_group_summary
Released,2024-07-10,Hotel Concierge Fucking POV,released,,-722,723,Video 0243,Video,"Clips4Sale, ManyVids",15,269.75,161.85,,,161.85,0.22,master content release date,high,,"Clips4Sale, ManyVids",,,content_group_summary
Released,2024-07-11,Impregnation Fantasy Chat,released,,-721,722,Video 0244,Video,"Clips4Sale, Curvage",10,143.8,91.69,9.54,9.54,91.69,0.13,master content release date,high,,"Clips4Sale, Curvage",,,content_group_summary
Released,2024-07-18,Belly Worship to Keep Your Job,released,,-714,715,Video 0245,Video,"Clips4Sale, Curvage, ManyVids",9,148.34,90.77,,,90.77,0.13,master content release date,high,,"Clips4Sale, Curvage, ManyVids",,,content_group_summary
Released,2024-07-22,Secretly Watching Masturbation,released,,-710,711,Video 0246,Video,Clips4Sale,4,59.93,35.96,,,35.96,0.05,master content release date,high,,Clips4Sale,,,content_group_summary
Released,2024-07-25,Anniversary Fuck POV,released,,-707,708,Video 0247,Video,"Clips4Sale, ManyVids",11,219.82,131.89,,,131.89,0.19,master content release date,high,,"Clips4Sale, ManyVids",,,content_group_summary
Released,2024-10-25,SSBBW Girlfriend Grows into 14-foot Giantess,released,,-615,616,Video 0248,Video,"Clips4Sale, Curvage",10,219.77,134.95,,,134.95,0.22,master content release date,high,,"Clips4Sale, Curvage",,,content_group_summary
Released,2024-10-27,SSBBW Ex Wants to Get Pregnant,released,,-613,614,Video 0249,Video,"Clips4Sale, ManyVids",25,349.58,209.75,,,209.75,0.34,master content release date,high,,"Clips4Sale, ManyVids",,,content_group_summary
Released,2024-10-30,Soda Chug and Burping,released,,-610,611,Video 0250,Video,Curvage,3,74.91,55.52,,,55.52,0.09,master content release date,high,,Curvage,,,content_group_summary
Released,2024-11-13,Cum for My Fat,released,,-596,597,Video 0251,Video,Clips4Sale,7,118.88,71.33,,,71.33,0.12,master content release date,high,,Clips4Sale,,,content_group_summary
Released,2024-11-16,Resist Temptation or Get Swallowed,released,,-593,594,Video 0252,Video,"Clips4Sale, Curvage, ManyVids",9,232.0,150.79,,,150.79,0.25,master content release date,high,,"Clips4Sale, Curvage, ManyVids",,,content_group_summary
Released,2024-11-20,Fresh Squeezed Fruit Crush,released,,-589,590,Video 0253,Video,Clips4Sale,6,131.9,79.14,,,79.14,0.13,master content release date,high,,Clips4Sale,,,content_group_summary
Released,2024-11-29,SSBBW Smokes After Thanksgiving Stuffing,released,,-580,581,Video 0254,Video,"Clips4Sale, Curvage",9,269.87,183.15,22.29,,183.15,0.32,master content release date,high,,"Clips4Sale, Curvage",,,content_group_summary
Released,2024-12-04,Worship My Sweaty Fat,released,,-575,576,Video 0255,Video,"Clips4Sale, ManyVids",10,249.83,149.9,,,149.9,0.26,master content release date,high,,"Clips4Sale, ManyVids",,,content_group_summary
Released,2024-12-05,Mutual Gaining Fantasy,released,,-574,575,Video 0256,Video,"Clips4Sale, Curvage",11,276.01,176.39,,,176.39,0.31,master content release date,high,,"Clips4Sale, Curvage",,,content_group_summary
Released,2024-12-11,Cum for My Fat Part 2,released,,-568,569,Video 0257,Video,"Clips4Sale, ManyVids",13,229.78,137.87,,10.79,137.87,0.24,master content release date,high,,"Clips4Sale, ManyVids",,,content_group_summary
Released,2024-12-18,Measurements and Weigh-In,released,,-561,562,Video 0258,Video,"Clips4Sale, Curvage",4,142.23,100.53,,,100.53,0.18,master content release date,high,,"Clips4Sale, Curvage",,,content_group_summary
Released,2024-12-23,Boyfriend Gets Vored,released,,-556,557,Video 0259,Video,"Clips4Sale, Curvage, ManyVids",18,412.41,283.9,16.29,,283.9,0.51,master content release date,high,,"Clips4Sale, Curvage, ManyVids",,,content_group_summary
Released,2025-02-17,Gaining for Daddy,released,,-500,501,Video 0260,Video,"Clips4Sale, Curvage",13,292.9,200.12,,,200.12,0.4,master content release date,high,,"Clips4Sale, Curvage",,,content_group_summary
Released,2025-02-20,Wife Wants to Stop Gaining the Reboot,released,,-497,498,Video 0261,Video,"Clips4Sale, ManyVids",19,417.68,250.61,,13.19,250.61,0.5,master content release date,high,,"Clips4Sale, ManyVids",,,content_group_summary
Released,2025-02-28,Voyeur Watches Me Get Ready,released,,-489,490,Video 0262,Video,"Clips4Sale, ManyVids",6,126.9,76.14,,,76.14,0.16,master content release date,high,,"Clips4Sale, ManyVids",,,content_group_summary
Released,2025-03-02,SSBBW Rips Leggings and Fucks Pussy,released,,-487,488,Video 0263,Video,"Clips4Sale, ManyVids",12,239.8,143.88,,,143.88,0.29,master content release date,high,,"Clips4Sale, ManyVids",,,content_group_summary
Released,2025-03-10,After-Gym Stuffing,released,,-479,480,Video 0264,Video,"Clips4Sale, Curvage, ManyVids",17,352.74,229.87,,,229.87,0.48,master content release date,high,,"Clips4Sale, Curvage, ManyVids",,,content_group_summary
Released,2025-03-14,Dripping Wet Strip Tease,released,,-475,476,Video 0265,Video,Clips4Sale,8,175.87,105.52,,13.19,105.52,0.22,master content release date,high,,Clips4Sale,,,content_group_summary
Released,2025-04-11,Stuffing Until I'm Stuck,released,,-447,448,Video 0266,Video,"Clips4Sale, Curvage",17,492.62,320.09,,,320.09,0.71,master content release date,high,,"Clips4Sale, Curvage",,,content_group_summary
Released,2025-04-16,SSBBW Burps and Farts While Stuffing,released,,-442,443,Video 0267,Video,"Clips4Sale, Curvage, ManyVids",29,1043.65,664.86,,,664.86,1.5,master content release date,high,,"Clips4Sale, Curvage, ManyVids",,,content_group_summary
Released,2025-04-23,Work Meeting Masturbation,released,,-435,436,Video 0268,Video,"Clips4Sale, ManyVids",14,307.77,184.66,,,184.66,0.42,master content release date,high,,"Clips4Sale, ManyVids",,,content_group_summary
Released,2025-04-27,Therapist Turns You Into a Feeder Part 2,released,,-431,432,Video 0269,Video,"Clips4Sale, Curvage",8,204.57,137.5,,,137.5,0.32,master content release date,high,,"Clips4Sale, Curvage",,,content_group_summary
Released,2025-06-10,Neighbor Gets Bred,released,,-387,388,Video 0270,Video,"Clips4Sale, ManyVids",27,566.55,339.93,,,339.93,0.88,master content release date,high,,"Clips4Sale, ManyVids",,,content_group_summary
Released,2025-07-21,Co-workers' Revenge: Cake Stuffing and Rapid Growth,released,,-346,347,Video 0271,Video,"Clips4Sale, Curvage, ManyVids",75,2123.39,1412.72,20.79,,1412.72,4.07,master content release date,high,,"Clips4Sale, Curvage, ManyVids",,,content_group_summary
Released,2025-07-27,Smoking a cigarette in an outgrown shirt,released,,-340,341,Video 0272,Video,"Clips4Sale, Curvage",12,227.67,144.62,,,144.62,0.42,master content release date,high,,"Clips4Sale, Curvage",,,content_group_summary
Released,2025-08-09,SSBBW Squashes You Under Ass and Feet,released,,-327,328,Video 0273,Video,"Clips4Sale, Curvage, ManyVids",27,488.91,306.47,,10.79,306.47,0.93,master content release date,high,,"Clips4Sale, Curvage, ManyVids",,,content_group_summary
Released,2025-08-16,Pantyhose Pussy Licking and Toe Sucking,released,,-320,321,Video 0274,Video,"Clips4Sale, ManyVids",10,219.84,131.9,,,131.9,0.41,master content release date,high,,"Clips4Sale, ManyVids",,,content_group_summary
Released,2025-09-14,Fitting My Fat Body,released,,-291,292,Video 0275,Video,"Clips4Sale, Curvage",15,420.39,272.09,,,272.09,0.93,master content release date,high,,"Clips4Sale, Curvage",,,content_group_summary
Released,2025-10-18,Hungry Girlfriend Ignores You,released,,-257,258,Video 0276,Video,"Clips4Sale, Curvage, ManyVids",38,669.74,453.45,,,453.45,1.76,master content release date,high,,"Clips4Sale, Curvage, ManyVids",,,content_group_summary
Released,2025-11-14,Dorothy Returns to Oz POV,released,,-230,231,Video 0277,Video,"Clips4Sale, ManyVids, OnlyFans",30,719.54,460.51,,,345.36,1.99,master content release date,high,,"Clips4Sale, ManyVids, OnlyFans",,,content_group_summary
Released,2025-11-19,Therapist Turns You Into a Feeder Part 3,released,,-225,226,Video 0278,Video,"Clips4Sale, Curvage",23,704.44,443.91,,17.99,443.91,1.96,master content release date,high,,"Clips4Sale, Curvage",,,content_group_summary
Released,2025-12-01,Greedy SSBBW Stuffs Whole Thanksgiving Dinner,released,,-213,214,Video 0279,Video,"Clips4Sale, Curvage, ManyVids",66,2199.0,1495.73,47.58,,1495.73,6.99,master content release date,high,,"Clips4Sale, Curvage, ManyVids",,,content_group_summary
Released,2025-12-26,Ex GF Got Fat - Holiday Hookup,released,,-188,189,Video 0280,Video,"Clips4Sale, Curvage, ManyVids",154,3137.91,2068.08,,,2068.08,10.94,master content release date,high,,"Clips4Sale, Curvage, ManyVids",,,content_group_summary
Released,2026-01-04,Greedy fatty gets messy stuffing cake!,released,,-179,180,exact-title:greedy-fatty-gets-messy-stuffing-cake,Video,Curvage,3,38.95,28.84,,,28.84,0.16,sale date,low,,Curvage,,,content_group_summary
Released,2026-01-30,Gassy Giantess Gobbles You Up,released,,-153,154,Video 0281,Video,"Clips4Sale, Curvage, ManyVids, OnlyFans",145,3698.41,2496.92,,,1837.18,16.21,master content release date,high,,"Clips4Sale, Curvage, ManyVids, OnlyFans",,,content_group_summary
Released,2026-02-07,Messy piggy stuffs chocolate cake!,released,,-145,146,exact-title:messy-piggy-stuffs-chocolate-cake,Video,Curvage,4,51.85,38.4,,,38.4,0.26,sale date,low,,Curvage,,,content_group_summary
Released,2026-02-22,Diet Pills Gone Wrong,released,,-130,131,Video 0282,Video,"Clips4Sale, Curvage, ManyVids, OnlyFans",332,5175.45,3598.64,33.12,11.04,3047.01,27.47,master content release date,high,,"Clips4Sale, Curvage, ManyVids, OnlyFans",,,content_group_summary
Released,2026-03-04,HR Fatty Makes You Her Feeder POV,released,,-120,121,Video 0283,Video,"Clips4Sale, Curvage, ManyVids, OnlyFans",237,3737.76,2609.62,17.58,20.78,2033.91,21.57,master content release date,high,,"Clips4Sale, Curvage, ManyVids, OnlyFans",,,content_group_summary
Released,2026-03-11,Stuffed Girlfriend Gets Gassy,released,,-113,114,Video 0284,Video,"Clips4Sale, Curvage, ManyVids, OnlyFans",203,4168.82,2812.06,29.58,,2492.22,24.67,master content release date,high,,"Clips4Sale, Curvage, ManyVids, OnlyFans",,,content_group_summary
Released,2026-04-06,Exercise After Gaining,released,,-87,88,Video 0285,Video,"Clips4Sale, Curvage, ManyVids, OnlyFans",107,3155.33,2161.75,,,1803.48,24.57,master content release date,high,,"Clips4Sale, Curvage, ManyVids, OnlyFans",,,content_group_summary
Released,2026-04-20,Stuffed and Horny,released,,-73,74,Video 0286,Video,"Clips4Sale, ManyVids",57,2108.05,1264.83,,,1264.83,17.09,master content release date,high,,"Clips4Sale, ManyVids",,,content_group_summary
Released,2026-04-27,The Diet of a Gaining SSBBW,released,,-66,67,Video 0287,Video,"Clips4Sale, Curvage, ManyVids, OnlyFans",80,2284.86,1545.07,,,1231.58,23.06,master content release date,high,,"Clips4Sale, Curvage, ManyVids, OnlyFans",,,content_group_summary
Released,2026-05-04,Gaining SSBBW Wants to Reach 600lbs,released,,-59,60,Video 0288,Video,"Clips4Sale, Curvage, ManyVids, OnlyFans",155,3212.45,2188.07,29.58,23.98,1724.3,36.47,master content release date,high,,"Clips4Sale, Curvage, ManyVids, OnlyFans",,,content_group_summary
Released,2026-05-21,Best Friend's Mom Teases You,released,,-42,43,Video 0289,Video,"Clips4Sale, Curvage, ManyVids, OnlyFans",349,9646.3,6074.99,90.74,46.37,4529.94,141.28,master content release date,high,,"Clips4Sale, Curvage, ManyVids, OnlyFans",,,content_group_summary
Released,2026-06-11,Fucking Your Stuffed SSBBW Girlfriend POV,released,,-21,22,Video 0290,Video,"Clips4Sale, ManyVids, OnlyFans",102,2147.47,1393.43,12.59,50.36,973.63,63.34,master content release date,high,,"Clips4Sale, ManyVids, OnlyFans",,,content_group_summary
Released,2026-06-27,Greedy SSBBW Devours Roommates Leftovers,released,,-5,6,Video 0291,Video,"Clips4Sale, Curvage, ManyVids",88,3254.85,2209.52,1388.49,182.08,2209.52,368.25,master content release date,high,,"Clips4Sale, Curvage, ManyVids",,,content_group_summary
